source_id,cohort_age,daily_reported_unique_clicker_fraction,trailing_7day_average,original_acquired_leads
low,0,0.10069444444444445,0.10069444444444445,1440
low,1,0.05416666666666667,0.07743055555555556,1440
low,2,0.02847222222222222,0.061111111111111116,1440
low,3,0.027083333333333334,0.05260416666666667,1440
low,4,0.024305555555555556,0.04694444444444444,1440
low,5,0.020833333333333332,0.04259259259259259,1440
low,6,0.01597222222222222,0.038789682539682534,1440
low,7,0.022222222222222223,0.027579365079365082,1440
low,8,0.01875,0.02251984126984127,1440
low,9,0.01597222222222222,0.020734126984126983,1440
low,10,0.019444444444444445,0.019642857142857146,1440
low,11,0.02013888888888889,0.019047619047619046,1440
low,12,0.013194444444444444,0.017956349206349205,1440
low,13,0.015277777777777777,0.017857142857142856,1440
low,14,0.015277777777777777,0.016865079365079364,1440
low,15,0.010416666666666666,0.015674603174603174,1440
low,16,0.011805555555555555,0.01507936507936508,1440
low,17,0.011111111111111112,0.01388888888888889,1440
low,18,0.01597222222222222,0.013293650793650793,1440
low,19,0.01875,0.014087301587301588,1440
low,20,0.01597222222222222,0.014186507936507936,1440
low,21,0.014583333333333334,0.014087301587301584,1440
low,22,0.016666666666666666,0.01498015873015873,1440
low,23,0.014583333333333334,0.015376984126984128,1440
low,24,0.014583333333333334,0.015873015873015872,1440
low,25,0.014583333333333334,0.015674603174603174,1440
low,26,0.015277777777777777,0.015178571428571428,1440
low,27,0.013888888888888888,0.01488095238095238,1440
low,28,0.009027777777777777,0.014087301587301588,1440
low,29,0.011805555555555555,0.013392857142857142,1440
low,30,0.013888888888888888,0.013293650793650792,1440
low,31,0.009027777777777777,0.012499999999999999,1440
low,32,0.017361111111111112,0.012896825396825396,1440
low,33,0.007638888888888889,0.011805555555555555,1440
low,34,0.011111111111111112,0.01140873015873016,1440
low,35,0.011805555555555555,0.011805555555555555,1440
low,36,0.009722222222222222,0.011507936507936507,1440
low,37,0.015277777777777777,0.011706349206349206,1440
low,38,0.013888888888888888,0.012400793650793652,1440
low,39,0.010416666666666666,0.011408730158730158,1440
low,40,0.013194444444444444,0.012202380952380952,1440
low,41,0.01597222222222222,0.012896825396825394,1440
low,42,0.014583333333333334,0.013293650793650792,1440
low,43,0.011111111111111112,0.013492063492063491,1440
low,44,0.007638888888888889,0.01240079365079365,1440
low,45,0.011111111111111112,0.012003968253968253,1440
low,46,0.010416666666666666,0.012003968253968255,1440
low,47,0.00625,0.011011904761904761,1440
low,48,0.006944444444444444,0.009722222222222224,1440
low,49,0.008333333333333333,0.00882936507936508,1440
low,50,0.010416666666666666,0.00873015873015873,1440
low,51,0.006944444444444444,0.008630952380952382,1440
low,52,0.013194444444444444,0.008928571428571428,1440
low,53,0.007638888888888889,0.008531746031746033,1440
low,54,0.010416666666666666,0.009126984126984126,1440
low,55,0.009722222222222222,0.009523809523809523,1440
low,56,0.0125,0.01011904761904762,1440
low,57,0.009027777777777777,0.009920634920634922,1440
low,58,0.008333333333333333,0.01011904761904762,1440
low,59,0.004861111111111111,0.008928571428571428,1440
low,60,0.004861111111111111,0.008531746031746031,1440
low,61,0.011111111111111112,0.008630952380952382,1440
low,62,0.008333333333333333,0.008432539682539682,1440
low,63,0.007638888888888889,0.007738095238095238,1440
low,64,0.00625,0.007341269841269841,1440
low,65,0.011111111111111112,0.007738095238095238,1440
low,66,0.008333333333333333,0.008234126984126984,1440
low,67,0.005555555555555556,0.008333333333333333,1440
low,68,0.007638888888888889,0.007837301587301587,1440
low,69,0.005555555555555556,0.007440476190476191,1440
low,70,0.002777777777777778,0.0067460317460317455,1440
low,71,0.009027777777777777,0.0071428571428571435,1440
low,72,0.005555555555555556,0.006349206349206349,1440
low,73,0.009722222222222222,0.006547619047619048,1440
low,74,0.003472222222222222,0.0062499999999999995,1440
low,75,0.007638888888888889,0.0062499999999999995,1440
low,76,0.009722222222222222,0.006845238095238094,1440
low,77,0.005555555555555556,0.007242063492063492,1440
low,78,0.005555555555555556,0.0067460317460317455,1440
low,79,0.003472222222222222,0.006448412698412697,1440
low,80,0.004861111111111111,0.005753968253968254,1440
low,81,0.006944444444444444,0.0062499999999999995,1440
low,82,0.004166666666666667,0.005753968253968254,1440
low,83,0.009027777777777777,0.005654761904761905,1440
low,84,0.011111111111111112,0.006448412698412698,1440
low,85,0.004166666666666667,0.0062499999999999995,1440
low,86,0.004166666666666667,0.006349206349206348,1440
low,87,0.006944444444444444,0.006646825396825397,1440
low,88,0.004861111111111111,0.006349206349206348,1440
low,89,0.007638888888888889,0.006845238095238094,1440
low,90,0.001388888888888889,0.005753968253968254,1440
low,91,0.00625,0.00505952380952381,1440
low,92,0.003472222222222222,0.004960317460317461,1440
low,93,0.004861111111111111,0.00505952380952381,1440
low,94,0.003472222222222222,0.004563492063492063,1440
low,95,0.003472222222222222,0.004365079365079365,1440
low,96,0.009027777777777777,0.004563492063492063,1440
low,97,0.004861111111111111,0.00505952380952381,1440
low,98,0.004861111111111111,0.00486111111111111,1440
low,99,0.002777777777777778,0.0047619047619047615,1440
low,100,0.0,0.004067460317460318,1440
low,101,0.004166666666666667,0.004166666666666667,1440
low,102,0.003472222222222222,0.004166666666666667,1440
low,103,0.003472222222222222,0.0033730158730158727,1440
low,104,0.004861111111111111,0.0033730158730158727,1440
low,105,0.005555555555555556,0.0034722222222222225,1440
low,106,0.0020833333333333333,0.0033730158730158727,1440
low,107,0.005555555555555556,0.004166666666666667,1440
low,108,0.003472222222222222,0.004067460317460318,1440
low,109,0.003472222222222222,0.004067460317460318,1440
low,110,0.0020833333333333333,0.003869047619047619,1440
low,111,0.005555555555555556,0.003968253968253968,1440
low,112,0.003472222222222222,0.0036706349206349206,1440
low,113,0.0020833333333333333,0.0036706349206349206,1440
low,114,0.005555555555555556,0.0036706349206349206,1440
low,115,0.00625,0.004067460317460318,1440
low,116,0.006944444444444444,0.004563492063492063,1440
low,117,0.001388888888888889,0.004464285714285714,1440
low,118,0.004166666666666667,0.0042658730158730155,1440
low,119,0.001388888888888889,0.003968253968253969,1440
low,120,0.002777777777777778,0.004067460317460318,1440
low,121,0.002777777777777778,0.0036706349206349206,1440
low,122,0.003472222222222222,0.003273809523809524,1440
low,123,0.004861111111111111,0.002976190476190476,1440
low,124,0.00625,0.0036706349206349206,1440
low,125,0.004166666666666667,0.003670634920634921,1440
low,126,0.0020833333333333333,0.00376984126984127,1440
low,127,0.004166666666666667,0.003968253968253968,1440
low,128,0.002777777777777778,0.003968253968253969,1440
low,129,0.001388888888888889,0.0036706349206349206,1440
low,130,0.004166666666666667,0.0035714285714285718,1440
low,131,0.005555555555555556,0.0034722222222222225,1440
low,132,0.004861111111111111,0.0035714285714285713,1440
low,133,0.0020833333333333333,0.0035714285714285713,1440
low,134,0.002777777777777778,0.0033730158730158727,1440
low,135,0.003472222222222222,0.0034722222222222225,1440
low,136,0.0020833333333333333,0.0035714285714285718,1440
low,137,0.0020833333333333333,0.003273809523809524,1440
low,138,0.004166666666666667,0.0030753968253968253,1440
low,139,0.0020833333333333333,0.0026785714285714286,1440
low,140,0.0,0.0023809523809523807,1440
low,141,0.001388888888888889,0.0021825396825396826,1440
low,142,0.0020833333333333333,0.001984126984126984,1440
low,143,0.0006944444444444445,0.0017857142857142857,1440
low,144,0.003472222222222222,0.001984126984126984,1440
low,145,0.002777777777777778,0.0017857142857142859,1440
low,146,0.004166666666666667,0.0020833333333333333,1440
low,147,0.004166666666666667,0.0026785714285714286,1440
low,148,0.003472222222222222,0.0029761904761904765,1440
low,149,0.0006944444444444445,0.002777777777777778,1440
low,150,0.003472222222222222,0.0031746031746031746,1440
low,151,0.001388888888888889,0.0028769841269841267,1440
low,152,0.0020833333333333333,0.002777777777777778,1440
low,153,0.002777777777777778,0.0025793650793650793,1440
low,154,0.003472222222222222,0.0024801587301587305,1440
low,155,0.0,0.001984126984126984,1440
low,156,0.0006944444444444445,0.001984126984126984,1440
low,157,0.002777777777777778,0.001884920634920635,1440
low,158,0.0020833333333333333,0.001984126984126984,1440
low,159,0.003472222222222222,0.0021825396825396826,1440
low,160,0.004861111111111111,0.0024801587301587305,1440
low,161,0.002777777777777778,0.0023809523809523807,1440
low,162,0.0020833333333333333,0.0026785714285714286,1440
low,163,0.001388888888888889,0.0027777777777777775,1440
low,164,0.002777777777777778,0.0027777777777777775,1440
low,165,0.001388888888888889,0.0026785714285714286,1440
low,166,0.0020833333333333333,0.0024801587301587305,1440
low,167,0.0006944444444444445,0.001884920634920635,1440
low,168,0.0020833333333333333,0.0017857142857142857,1440
low,169,0.003472222222222222,0.001984126984126984,1440
low,170,0.002777777777777778,0.0021825396825396826,1440
low,171,0.001388888888888889,0.0019841269841269845,1440
low,172,0.0006944444444444445,0.001884920634920635,1440
low,173,0.0006944444444444445,0.0016865079365079364,1440
low,174,0.0020833333333333333,0.001884920634920635,1440
low,175,0.0006944444444444445,0.0016865079365079364,1440
low,176,0.0006944444444444445,0.0012896825396825399,1440
low,177,0.0020833333333333333,0.0011904761904761904,1440
low,178,0.003472222222222222,0.001488095238095238,1440
low,179,0.001388888888888889,0.0015873015873015873,1440
low,180,0.001388888888888889,0.0016865079365079364,1440
middle,0,0.18263888888888888,0.18263888888888888,1440
middle,1,0.10972222222222222,0.14618055555555554,1440
middle,2,0.04861111111111111,0.11365740740740742,1440
middle,3,0.049305555555555554,0.09756944444444444,1440
middle,4,0.044444444444444446,0.08694444444444445,1440
middle,5,0.030555555555555555,0.0775462962962963,1440
middle,6,0.041666666666666664,0.07242063492063491,1440
middle,7,0.03819444444444445,0.05178571428571428,1440
middle,8,0.02638888888888889,0.03988095238095237,1440
middle,9,0.04027777777777778,0.0386904761904762,1440
middle,10,0.04097222222222222,0.0375,1440
middle,11,0.04097222222222222,0.037003968253968254,1440
middle,12,0.03125,0.0371031746031746,1440
middle,13,0.025694444444444443,0.03482142857142857,1440
middle,14,0.034722222222222224,0.03432539682539682,1440
middle,15,0.03611111111111111,0.03571428571428571,1440
middle,16,0.04027777777777778,0.03571428571428571,1440
middle,17,0.03680555555555556,0.03511904761904762,1440
middle,18,0.03333333333333333,0.034027777777777775,1440
middle,19,0.03333333333333333,0.03432539682539682,1440
middle,20,0.030555555555555555,0.03501984126984127,1440
middle,21,0.022916666666666665,0.03333333333333333,1440
middle,22,0.025,0.031746031746031744,1440
middle,23,0.035416666666666666,0.031051587301587302,1440
middle,24,0.03333333333333333,0.030555555555555555,1440
middle,25,0.022916666666666665,0.02906746031746032,1440
middle,26,0.029166666666666667,0.028472222222222225,1440
middle,27,0.030555555555555555,0.028472222222222225,1440
middle,28,0.02361111111111111,0.028571428571428574,1440
middle,29,0.02013888888888889,0.02787698412698413,1440
middle,30,0.027777777777777776,0.026785714285714284,1440
middle,31,0.02361111111111111,0.025396825396825397,1440
middle,32,0.01875,0.0248015873015873,1440
middle,33,0.02361111111111111,0.024007936507936506,1440
middle,34,0.022916666666666665,0.02291666666666667,1440
middle,35,0.027083333333333334,0.023412698412698413,1440
middle,36,0.020833333333333332,0.02351190476190476,1440
middle,37,0.02361111111111111,0.022916666666666665,1440
middle,38,0.019444444444444445,0.022321428571428572,1440
middle,39,0.024305555555555556,0.023115079365079366,1440
middle,40,0.020833333333333332,0.022718253968253967,1440
middle,41,0.018055555555555554,0.022023809523809525,1440
middle,42,0.016666666666666666,0.02053571428571429,1440
middle,43,0.022222222222222223,0.020734126984126983,1440
middle,44,0.02013888888888889,0.02023809523809524,1440
middle,45,0.010416666666666666,0.018948412698412697,1440
middle,46,0.022222222222222223,0.01865079365079365,1440
middle,47,0.01597222222222222,0.017956349206349205,1440
middle,48,0.015277777777777777,0.01755952380952381,1440
middle,49,0.02361111111111111,0.0185515873015873,1440
middle,50,0.01875,0.018055555555555554,1440
middle,51,0.015277777777777777,0.017361111111111112,1440
middle,52,0.016666666666666666,0.01825396825396825,1440
middle,53,0.022916666666666665,0.0183531746031746,1440
middle,54,0.01875,0.018749999999999996,1440
middle,55,0.022222222222222223,0.019742063492063495,1440
middle,56,0.022222222222222223,0.019543650793650797,1440
middle,57,0.013888888888888888,0.018849206349206348,1440
middle,58,0.018055555555555554,0.019246031746031744,1440
middle,59,0.024305555555555556,0.020337301587301588,1440
middle,60,0.02013888888888889,0.019940476190476192,1440
middle,61,0.019444444444444445,0.02003968253968254,1440
middle,62,0.015277777777777777,0.019047619047619046,1440
middle,63,0.013888888888888888,0.017857142857142856,1440
middle,64,0.022916666666666665,0.019146825396825395,1440
middle,65,0.014583333333333334,0.01865079365079365,1440
middle,66,0.007638888888888889,0.01626984126984127,1440
middle,67,0.01597222222222222,0.015674603174603174,1440
middle,68,0.016666666666666666,0.015277777777777777,1440
middle,69,0.01597222222222222,0.015376984126984126,1440
middle,70,0.015277777777777777,0.015575396825396826,1440
middle,71,0.0125,0.014087301587301588,1440
middle,72,0.0125,0.013789682539682538,1440
middle,73,0.013194444444444444,0.014583333333333334,1440
middle,74,0.011805555555555555,0.013988095238095239,1440
middle,75,0.013194444444444444,0.013492063492063491,1440
middle,76,0.013888888888888888,0.013194444444444444,1440
middle,77,0.013194444444444444,0.012896825396825396,1440
middle,78,0.015277777777777777,0.013293650793650793,1440
middle,79,0.011805555555555555,0.013194444444444444,1440
middle,80,0.013888888888888888,0.013293650793650792,1440
middle,81,0.01875,0.014285714285714285,1440
middle,82,0.013194444444444444,0.014285714285714285,1440
middle,83,0.019444444444444445,0.015079365079365078,1440
middle,84,0.013194444444444444,0.01507936507936508,1440
middle,85,0.01597222222222222,0.015178571428571428,1440
middle,86,0.008333333333333333,0.014682539682539682,1440
middle,87,0.010416666666666666,0.014186507936507938,1440
middle,88,0.010416666666666666,0.012996031746031745,1440
middle,89,0.007638888888888889,0.012202380952380952,1440
middle,90,0.013888888888888888,0.011408730158730158,1440
middle,91,0.014583333333333334,0.011607142857142856,1440
middle,92,0.007638888888888889,0.010416666666666666,1440
middle,93,0.008333333333333333,0.010416666666666666,1440
middle,94,0.007638888888888889,0.010019841269841267,1440
middle,95,0.00625,0.009424603174603174,1440
middle,96,0.005555555555555556,0.009126984126984126,1440
middle,97,0.010416666666666666,0.008630952380952382,1440
middle,98,0.008333333333333333,0.007738095238095238,1440
middle,99,0.007638888888888889,0.0077380952380952375,1440
middle,100,0.0125,0.008333333333333333,1440
middle,101,0.008333333333333333,0.008432539682539682,1440
middle,102,0.010416666666666666,0.009027777777777777,1440
middle,103,0.009027777777777777,0.009523809523809523,1440
middle,104,0.004166666666666667,0.008630952380952382,1440
middle,105,0.007638888888888889,0.008531746031746031,1440
middle,106,0.007638888888888889,0.008531746031746033,1440
middle,107,0.002777777777777778,0.007142857142857143,1440
middle,108,0.011805555555555555,0.007638888888888889,1440
middle,109,0.007638888888888889,0.007242063492063492,1440
middle,110,0.0125,0.007738095238095238,1440
middle,111,0.005555555555555556,0.007936507936507936,1440
middle,112,0.007638888888888889,0.007936507936507936,1440
middle,113,0.011111111111111112,0.008432539682539682,1440
middle,114,0.008333333333333333,0.009226190476190476,1440
middle,115,0.008333333333333333,0.00873015873015873,1440
middle,116,0.009027777777777777,0.008928571428571428,1440
middle,117,0.005555555555555556,0.007936507936507938,1440
middle,118,0.011111111111111112,0.00873015873015873,1440
middle,119,0.007638888888888889,0.00873015873015873,1440
middle,120,0.006944444444444444,0.008134920634920636,1440
middle,121,0.007638888888888889,0.008035714285714287,1440
middle,122,0.004861111111111111,0.007539682539682539,1440
middle,123,0.008333333333333333,0.00744047619047619,1440
middle,124,0.004861111111111111,0.007341269841269841,1440
middle,125,0.004166666666666667,0.006349206349206348,1440
middle,126,0.007638888888888889,0.006349206349206349,1440
middle,127,0.005555555555555556,0.006150793650793651,1440
middle,128,0.004861111111111111,0.0057539682539682535,1440
middle,129,0.007638888888888889,0.006150793650793651,1440
middle,130,0.003472222222222222,0.005456349206349207,1440
middle,131,0.004166666666666667,0.005357142857142857,1440
middle,132,0.004166666666666667,0.005357142857142857,1440
middle,133,0.00625,0.005158730158730159,1440
middle,134,0.004861111111111111,0.00505952380952381,1440
middle,135,0.004861111111111111,0.00505952380952381,1440
middle,136,0.005555555555555556,0.0047619047619047615,1440
middle,137,0.0020833333333333333,0.004563492063492063,1440
middle,138,0.007638888888888889,0.00505952380952381,1440
middle,139,0.002777777777777778,0.004861111111111112,1440
middle,140,0.007638888888888889,0.00505952380952381,1440
middle,141,0.004166666666666667,0.004960317460317461,1440
middle,142,0.007638888888888889,0.005357142857142857,1440
middle,143,0.002777777777777778,0.004960317460317459,1440
middle,144,0.005555555555555556,0.005456349206349206,1440
middle,145,0.006944444444444444,0.005357142857142857,1440
middle,146,0.002777777777777778,0.005357142857142857,1440
middle,147,0.002777777777777778,0.004662698412698413,1440
middle,148,0.00625,0.004960317460317461,1440
middle,149,0.004166666666666667,0.004464285714285714,1440
middle,150,0.002777777777777778,0.004464285714285714,1440
middle,151,0.004861111111111111,0.004365079365079365,1440
middle,152,0.002777777777777778,0.00376984126984127,1440
middle,153,0.005555555555555556,0.004166666666666667,1440
middle,154,0.003472222222222222,0.004265873015873016,1440
middle,155,0.003472222222222222,0.003869047619047619,1440
middle,156,0.003472222222222222,0.00376984126984127,1440
middle,157,0.003472222222222222,0.003869047619047619,1440
middle,158,0.005555555555555556,0.003968253968253968,1440
middle,159,0.004166666666666667,0.004166666666666667,1440
middle,160,0.004861111111111111,0.004067460317460317,1440
middle,161,0.003472222222222222,0.004067460317460318,1440
middle,162,0.004861111111111111,0.004265873015873016,1440
middle,163,0.001388888888888889,0.003968253968253968,1440
middle,164,0.0020833333333333333,0.0037698412698412695,1440
middle,165,0.002777777777777778,0.0033730158730158727,1440
middle,166,0.003472222222222222,0.003273809523809524,1440
middle,167,0.003472222222222222,0.003075396825396825,1440
middle,168,0.003472222222222222,0.0030753968253968253,1440
middle,169,0.002777777777777778,0.002777777777777778,1440
middle,170,0.003472222222222222,0.0030753968253968253,1440
middle,171,0.004861111111111111,0.0034722222222222225,1440
middle,172,0.002777777777777778,0.0034722222222222225,1440
middle,173,0.002777777777777778,0.0033730158730158727,1440
middle,174,0.004166666666666667,0.0034722222222222225,1440
middle,175,0.0006944444444444445,0.0030753968253968253,1440
middle,176,0.005555555555555556,0.0034722222222222225,1440
middle,177,0.003472222222222222,0.0034722222222222225,1440
middle,178,0.002777777777777778,0.0031746031746031746,1440
middle,179,0.0020833333333333333,0.0030753968253968253,1440
middle,180,0.003472222222222222,0.0031746031746031746,1440
high,0,0.3909722222222222,0.3909722222222222,1440
high,1,0.23055555555555557,0.3107638888888889,1440
high,2,0.11527777777777778,0.24560185185185188,1440
high,3,0.1111111111111111,0.21197916666666666,1440
high,4,0.09444444444444444,0.1884722222222222,1440
high,5,0.0798611111111111,0.17037037037037037,1440
high,6,0.06944444444444445,0.15595238095238098,1440
high,7,0.08055555555555556,0.11160714285714286,1440
high,8,0.09305555555555556,0.09196428571428572,1440
high,9,0.09027777777777778,0.08839285714285713,1440
high,10,0.07916666666666666,0.08382936507936509,1440
high,11,0.07430555555555556,0.08095238095238096,1440
high,12,0.0763888888888889,0.08045634920634921,1440
high,13,0.07430555555555556,0.08115079365079365,1440
high,14,0.05277777777777778,0.07718253968253967,1440
high,15,0.08194444444444444,0.07559523809523809,1440
high,16,0.07847222222222222,0.07390873015873016,1440
high,17,0.06319444444444444,0.07162698412698412,1440
high,18,0.06111111111111111,0.0697420634920635,1440
high,19,0.058333333333333334,0.06716269841269841,1440
high,20,0.07430555555555556,0.06716269841269841,1440
high,21,0.059027777777777776,0.06805555555555555,1440
high,22,0.06319444444444444,0.06537698412698413,1440
high,23,0.059027777777777776,0.06259920634920635,1440
high,24,0.05416666666666667,0.061309523809523814,1440
high,25,0.05694444444444444,0.060714285714285714,1440
high,26,0.059027777777777776,0.06081349206349206,1440
high,27,0.06041666666666667,0.05882936507936508,1440
high,28,0.05138888888888889,0.05773809523809524,1440
high,29,0.052083333333333336,0.05615079365079365,1440
high,30,0.06041666666666667,0.05634920634920635,1440
high,31,0.05555555555555555,0.056547619047619055,1440
high,32,0.06111111111111111,0.05714285714285715,1440
high,33,0.06041666666666667,0.057341269841269846,1440
high,34,0.05138888888888889,0.056051587301587304,1440
high,35,0.05416666666666667,0.0564484126984127,1440
high,36,0.04861111111111111,0.055952380952380955,1440
high,37,0.04375,0.05357142857142857,1440
high,38,0.04722222222222222,0.052380952380952375,1440
high,39,0.050694444444444445,0.050892857142857136,1440
high,40,0.05,0.0494047619047619,1440
high,41,0.04861111111111111,0.04900793650793651,1440
high,42,0.04375,0.047519841269841274,1440
high,43,0.04513888888888889,0.04702380952380952,1440
high,44,0.0375,0.046130952380952384,1440
high,45,0.04722222222222222,0.046130952380952384,1440
high,46,0.044444444444444446,0.045238095238095244,1440
high,47,0.05416666666666667,0.04583333333333333,1440
high,48,0.041666666666666664,0.04484126984126984,1440
high,49,0.034027777777777775,0.04345238095238096,1440
high,50,0.041666666666666664,0.04295634920634921,1440
high,51,0.04513888888888889,0.044047619047619044,1440
high,52,0.04236111111111111,0.0433531746031746,1440
high,53,0.04097222222222222,0.04285714285714286,1440
high,54,0.035416666666666666,0.04017857142857143,1440
high,55,0.03611111111111111,0.03938492063492063,1440
high,56,0.03194444444444444,0.03908730158730158,1440
high,57,0.0375,0.03849206349206349,1440
high,58,0.04236111111111111,0.03809523809523809,1440
high,59,0.041666666666666664,0.03799603174603174,1440
high,60,0.03819444444444445,0.03759920634920634,1440
high,61,0.04375,0.038789682539682534,1440
high,62,0.03888888888888889,0.03918650793650794,1440
high,63,0.03680555555555556,0.039880952380952385,1440
high,64,0.03125,0.038988095238095245,1440
high,65,0.03125,0.03740079365079365,1440
high,66,0.03194444444444444,0.03601190476190476,1440
high,67,0.02847222222222222,0.034623015873015875,1440
high,68,0.034027777777777775,0.033234126984126984,1440
high,69,0.04652777777777778,0.03432539682539682,1440
high,70,0.03680555555555556,0.03432539682539683,1440
high,71,0.024305555555555556,0.03333333333333333,1440
high,72,0.029861111111111113,0.033134920634920635,1440
high,73,0.03125,0.033035714285714286,1440
high,74,0.030555555555555555,0.03333333333333333,1440
high,75,0.029861111111111113,0.03273809523809524,1440
high,76,0.034027777777777775,0.030952380952380953,1440
high,77,0.03125,0.03015873015873016,1440
high,78,0.03611111111111111,0.03184523809523809,1440
high,79,0.029166666666666667,0.031746031746031744,1440
high,80,0.025694444444444443,0.03095238095238095,1440
high,81,0.025694444444444443,0.030257936507936505,1440
high,82,0.02361111111111111,0.029365079365079365,1440
high,83,0.02361111111111111,0.02787698412698412,1440
high,84,0.02638888888888889,0.02718253968253968,1440
high,85,0.030555555555555555,0.02638888888888889,1440
high,86,0.022916666666666665,0.025496031746031746,1440
high,87,0.03125,0.02628968253968254,1440
high,88,0.019444444444444445,0.025396825396825393,1440
high,89,0.022222222222222223,0.0251984126984127,1440
high,90,0.021527777777777778,0.024900793650793653,1440
high,91,0.024305555555555556,0.024603174603174603,1440
high,92,0.02638888888888889,0.024007936507936506,1440
high,93,0.01875,0.023412698412698413,1440
high,94,0.02013888888888889,0.021825396825396824,1440
high,95,0.021527777777777778,0.022123015873015874,1440
high,96,0.020833333333333332,0.021924603174603177,1440
high,97,0.013888888888888888,0.020833333333333332,1440
high,98,0.02638888888888889,0.021130952380952382,1440
high,99,0.019444444444444445,0.02013888888888889,1440
high,100,0.01597222222222222,0.019742063492063495,1440
high,101,0.021527777777777778,0.019940476190476192,1440
high,102,0.011111111111111112,0.01845238095238095,1440
high,103,0.02638888888888889,0.019246031746031744,1440
high,104,0.017361111111111112,0.019742063492063495,1440
high,105,0.02361111111111111,0.0193452380952381,1440
high,106,0.022222222222222223,0.019742063492063488,1440
high,107,0.020833333333333332,0.020436507936507937,1440
high,108,0.019444444444444445,0.02013888888888889,1440
high,109,0.025694444444444443,0.022222222222222223,1440
high,110,0.017361111111111112,0.02093253968253968,1440
high,111,0.020833333333333332,0.02142857142857143,1440
high,112,0.018055555555555554,0.020634920634920634,1440
high,113,0.019444444444444445,0.02023809523809524,1440
high,114,0.013888888888888888,0.019246031746031744,1440
high,115,0.015277777777777777,0.01865079365079365,1440
high,116,0.01597222222222222,0.017261904761904763,1440
high,117,0.016666666666666666,0.01716269841269841,1440
high,118,0.0125,0.01597222222222222,1440
high,119,0.01875,0.01607142857142857,1440
high,120,0.019444444444444445,0.01607142857142857,1440
high,121,0.014583333333333334,0.016170634920634922,1440
high,122,0.011111111111111112,0.015575396825396826,1440
high,123,0.016666666666666666,0.015674603174603174,1440
high,124,0.010416666666666666,0.014781746031746033,1440
high,125,0.0125,0.014781746031746033,1440
high,126,0.01597222222222222,0.014384920634920636,1440
high,127,0.014583333333333334,0.013690476190476192,1440
high,128,0.01597222222222222,0.01388888888888889,1440
high,129,0.013888888888888888,0.014285714285714285,1440
high,130,0.0125,0.013690476190476189,1440
high,131,0.008333333333333333,0.013392857142857142,1440
high,132,0.016666666666666666,0.013988095238095239,1440
high,133,0.019444444444444445,0.014484126984126985,1440
high,134,0.008333333333333333,0.01359126984126984,1440
high,135,0.010416666666666666,0.012797619047619047,1440
high,136,0.010416666666666666,0.012301587301587301,1440
high,137,0.010416666666666666,0.012003968253968253,1440
high,138,0.0125,0.012599206349206348,1440
high,139,0.013194444444444444,0.012103174603174604,1440
high,140,0.00625,0.010218253968253968,1440
high,141,0.011111111111111112,0.010615079365079366,1440
high,142,0.009722222222222222,0.010515873015873017,1440
high,143,0.004861111111111111,0.009722222222222224,1440
high,144,0.00625,0.009126984126984126,1440
high,145,0.00625,0.008234126984126984,1440
high,146,0.011805555555555555,0.008035714285714287,1440
high,147,0.0125,0.008928571428571428,1440
high,148,0.011805555555555555,0.009027777777777777,1440
high,149,0.010416666666666666,0.009126984126984126,1440
high,150,0.004861111111111111,0.009126984126984126,1440
high,151,0.013888888888888888,0.010218253968253968,1440
high,152,0.007638888888888889,0.010416666666666666,1440
high,153,0.013194444444444444,0.010615079365079366,1440
high,154,0.015277777777777777,0.011011904761904761,1440
high,155,0.013194444444444444,0.01121031746031746,1440
high,156,0.004861111111111111,0.010416666666666668,1440
high,157,0.008333333333333333,0.010912698412698412,1440
high,158,0.010416666666666666,0.010416666666666668,1440
high,159,0.008333333333333333,0.010515873015873017,1440
high,160,0.011805555555555555,0.010317460317460317,1440
high,161,0.011111111111111112,0.00972222222222222,1440
high,162,0.005555555555555556,0.008630952380952382,1440
high,163,0.009722222222222222,0.009325396825396825,1440
high,164,0.00625,0.009027777777777777,1440
high,165,0.002777777777777778,0.007936507936507936,1440
high,166,0.006944444444444444,0.007738095238095238,1440
high,167,0.005555555555555556,0.006845238095238096,1440
high,168,0.005555555555555556,0.006051587301587302,1440
high,169,0.007638888888888889,0.006349206349206349,1440
high,170,0.0020833333333333333,0.005257936507936508,1440
high,171,0.009722222222222222,0.0057539682539682535,1440
high,172,0.007638888888888889,0.006448412698412698,1440
high,173,0.008333333333333333,0.006646825396825397,1440
high,174,0.008333333333333333,0.007043650793650794,1440
high,175,0.0125,0.008035714285714285,1440
high,176,0.004861111111111111,0.0076388888888888895,1440
high,177,0.009027777777777777,0.008630952380952382,1440
high,178,0.00625,0.008134920634920636,1440
high,179,0.004861111111111111,0.007738095238095238,1440
high,180,0.004166666666666667,0.0071428571428571435,1440
