figure,source,age,metric,value
01-engagement,low,3,trailing_daily_clicker_fraction,0.0526041666666666
01-engagement,low,30,trailing_daily_clicker_fraction,0.0132936507936507
01-engagement,low,180,trailing_daily_clicker_fraction,0.0016865079365079
01-engagement,middle,3,trailing_daily_clicker_fraction,0.0975694444444444
01-engagement,middle,30,trailing_daily_clicker_fraction,0.0267857142857142
01-engagement,middle,180,trailing_daily_clicker_fraction,0.0031746031746031
01-engagement,high,3,trailing_daily_clicker_fraction,0.2119791666666666
01-engagement,high,30,trailing_daily_clicker_fraction,0.0563492063492063
01-engagement,high,180,trailing_daily_clicker_fraction,0.0071428571428571
02-learning,middle,3,median_per_lead,-0.08665688155116884
02-learning,middle,3,q025_per_lead,-0.2140231444982752
02-learning,middle,3,q975_per_lead,1.8474982980221097
02-learning,middle,3,probability_profitable,0.364
02-learning,middle,7,median_per_lead,0.0009940923466224911
02-learning,middle,7,q025_per_lead,-0.19374828336769398
02-learning,middle,7,q975_per_lead,2.5881278912310606
02-learning,middle,7,probability_profitable,0.5
02-learning,middle,14,median_per_lead,-0.1342107538229121
02-learning,middle,14,q025_per_lead,-0.1799049562666383
02-learning,middle,14,q975_per_lead,0.6449141181690522
02-learning,middle,14,probability_profitable,0.176
02-learning,middle,30,median_per_lead,0.18346708323220381
02-learning,middle,30,q025_per_lead,0.00904037233511671
02-learning,middle,30,q975_per_lead,0.3932651192766871
02-learning,middle,30,probability_profitable,0.994
02-learning,middle,60,median_per_lead,0.07329513225136036
02-learning,middle,60,q025_per_lead,0.049050501282977395
02-learning,middle,60,q975_per_lead,0.09555884745778331
02-learning,middle,60,probability_profitable,1.0
03-margin-payback,middle,3,first_payback_by_180,0.372
03-margin-payback,middle,3,first_payback_by_425,0.406
03-margin-payback,middle,14,first_payback_by_180,0.184
03-margin-payback,middle,14,first_payback_by_425,0.19
03-margin-payback,middle,60,first_payback_by_180,1.0
03-margin-payback,middle,60,first_payback_by_425,1.0
04-sources,low,60,mean_per_lead,-0.14051039438475216
04-sources,low,60,q025_per_lead,-0.14920375780482162
04-sources,low,60,q975_per_lead,-0.12999526301990358
04-sources,low,60,true_margin_per_lead,-0.1322627090537267
04-sources,middle,60,mean_per_lead,0.07276289698187047
04-sources,middle,60,q025_per_lead,0.049050501282977395
04-sources,middle,60,q975_per_lead,0.09555884745778331
04-sources,middle,60,true_margin_per_lead,0.08605680957040913
04-sources,high,60,mean_per_lead,0.673975033210431
04-sources,high,60,q025_per_lead,0.6177319591985957
04-sources,high,60,q975_per_lead,0.7375187044514573
04-sources,high,60,true_margin_per_lead,0.6964472983509259
04-sources-mature-counterexample,low,60,q025_per_lead,-0.15113331904763164
04-sources-mature-counterexample,low,60,q975_per_lead,-0.13368359038435473
04-sources-mature-counterexample,low,60,true_margin_per_lead,-0.13047037414320295
04-sources-mature-counterexample,middle,60,q025_per_lead,0.14917517024900068
04-sources-mature-counterexample,middle,60,q975_per_lead,0.20179654496475957
04-sources-mature-counterexample,middle,60,true_margin_per_lead,0.2104708271418395
04-sources-mature-counterexample,high,60,q025_per_lead,1.4949668731999526
04-sources-mature-counterexample,high,60,q975_per_lead,1.6472035833050291
04-sources-mature-counterexample,high,60,true_margin_per_lead,1.7133657657643173
05-coverage,controlled_95_coverage,3,coverage95,0.953
05-coverage,stress_95_coverage,3,coverage95,0.6388888888888888
05-coverage,controlled_95_coverage,7,coverage95,0.942
05-coverage,stress_95_coverage,7,coverage95,0.5833333333333334
05-coverage,controlled_95_coverage,14,coverage95,0.9475
05-coverage,stress_95_coverage,14,coverage95,0.5277777777777778
05-coverage,controlled_95_coverage,30,coverage95,0.955
05-coverage,stress_95_coverage,30,coverage95,0.611111111111111
05-coverage,controlled_95_coverage,60,coverage95,0.953
05-coverage,stress_95_coverage,60,coverage95,0.611111111111111
