scenario,seed,world_id,source_id,cohort_id,origin_age,cutoff,n_leads,policy_id,draw_count,model,model_version,forecast_type,horizon,mean,mean_mcse,q025,q10,q25,median,q75,q90,q975,probability_profitable,probability_payback_by_horizon,probability_remains_positive,probability_never,probability_later_than_180,true_margin,true_payback_age,true_never,absolute_error,absolute_error_per_lead,crps,crps_per_lead,brier,payback_brier,coverage80,coverage95,width80,width95,evaluation_role
collapse_tail,211,collapse_tail-211,low,low-w07,3,52,180,daily_to_365_response30_settlement30,500,bayesian_hierarchical,finite-grid-gamma-poisson/1.0.0,posterior_predictive,30,-28.25478524482871,0.05752272074939236,-30.753270601804083,-29.806841817352744,-29.143327884574738,-28.294247829160184,-27.414548178013835,-26.521406070119884,-25.56314768764013,0.0,0.0,0.0,1.0,0.0,-28.705170643058366,,True,0.4503853982296562,0.0025021411012758677,0.34684091059717026,0.001926893947762057,0.0,0.0,1.0,1.0,3.28543574723286,5.190122914163954,prospective
collapse_tail,211,collapse_tail-211,low,low-w07,3,52,180,daily_to_365_response30_settlement30,500,bayesian_hierarchical,finite-grid-gamma-poisson/1.0.0,posterior_predictive,90,-25.77591164383618,0.09604879453587226,-29.593388435215356,-28.452599801294927,-27.246679769494676,-25.888303711440244,-24.472119789212908,-22.797927143535645,-21.355963806120123,0.0,0.0,0.0,1.0,0.0,-24.58000490136564,,True,1.195906742470541,0.006643926347058561,0.8053361458901513,0.00447408969938973,0.0,0.0,1.0,1.0,5.654672657759281,8.237424629095234,prospective
collapse_tail,211,collapse_tail-211,low,low-w07,3,52,180,daily_to_365_response30_settlement30,500,bayesian_hierarchical,finite-grid-gamma-poisson/1.0.0,posterior_predictive,180,-27.134120180865796,0.11191464626243469,-31.475869039571904,-30.303865503403177,-28.864420511427376,-27.204582814606166,-25.65299459724699,-23.616260988557304,-21.925890855425106,0.0,0.0,0.0,1.0,0.0,-23.48466734577653,,True,3.649452835089267,0.02027473797271815,2.4436514280256354,0.013575841266809085,0.0,0.0,0.0,1.0,6.687604514845873,9.549978184146799,prospective
collapse_tail,211,collapse_tail-211,low,low-w07,3,52,180,daily_to_365_response30_settlement30,500,bayesian_hierarchical,finite-grid-gamma-poisson/1.0.0,posterior_predictive,425,-32.33381221906957,0.11493453130176806,-36.71327928833856,-35.64001872396762,-34.171149852220594,-32.498184757442736,-30.649047290559338,-28.753862188719015,-27.078989356071943,0.0,0.0,0.0,1.0,0.0,-28.550871495003552,,True,3.7829407240660196,0.02101633735592233,2.529907143673122,0.0140550396870729,0.0,0.0,0.0,1.0,6.886156535248606,9.634289932266618,prospective
collapse_tail,211,collapse_tail-211,middle,middle-w07,3,52,180,daily_to_365_response30_settlement30,500,bayesian_hierarchical,finite-grid-gamma-poisson/1.0.0,posterior_predictive,30,-3.180591933060494,0.13395516724755518,-8.561855580212063,-6.923595945041887,-5.26942323080841,-3.320847367147402,-1.3591790854816082,0.9257980554547527,3.1129621262162117,0.154,0.154,0.152,0.0,0.0,-1.912504454421466,34.0,False,1.268087478639028,0.007044930436883488,0.9500598612801587,0.005278110340445326,0.023716,0.023716,1.0,1.0,7.849394000496639,11.674817706428275,prospective
collapse_tail,211,collapse_tail-211,middle,middle-w07,3,52,180,daily_to_365_response30_settlement30,500,bayesian_hierarchical,finite-grid-gamma-poisson/1.0.0,posterior_predictive,90,17.882076620491883,0.25988288385384145,7.723681274303987,10.655430902973897,14.104195977260318,17.395380506409904,21.414636928389612,25.397516396142482,30.68442015845072,1.0,1.0,0.994,0.0,0.0,26.68409716446611,34.0,False,8.802020543974226,0.04890011413319015,6.095710911149345,0.03386506061749636,0.0,0.0,0.0,1.0,14.742085493168585,22.960738884146735,prospective
collapse_tail,211,collapse_tail-211,middle,middle-w07,3,52,180,daily_to_365_response30_settlement30,500,bayesian_hierarchical,finite-grid-gamma-poisson/1.0.0,posterior_predictive,180,24.24430854755181,0.30803527841795797,12.015145007291803,15.624847701162468,19.697816827776524,23.671085156308344,28.502570881752575,33.09601321032523,38.40452041948711,1.0,1.0,0.994,0.0,0.0,37.88474888553111,34.0,False,13.6404403379793,0.075780224099885,10.024960257588166,0.05569422365326759,0.0,0.0,0.0,1.0,17.471165509162766,26.38937541219531,prospective
collapse_tail,211,collapse_tail-211,middle,middle-w07,3,52,180,daily_to_365_response30_settlement30,500,bayesian_hierarchical,finite-grid-gamma-poisson/1.0.0,posterior_predictive,425,20.782623593105317,0.3180408102585564,7.893956618386503,12.248589816190643,16.022187250283444,20.356050927649726,25.224621169763562,29.871560931875862,34.79456217292343,1.0,1.0,0.994,0.0,0.0,38.56652313543252,34.0,False,17.7838995423272,0.09879944190181779,13.905124212117947,0.07725069006732192,0.0,0.0,0.0,0.0,17.622971115685218,26.900605554536924,prospective
collapse_tail,211,collapse_tail-211,high,high-w07,3,52,180,daily_to_365_response30_settlement30,500,bayesian_hierarchical,finite-grid-gamma-poisson/1.0.0,posterior_predictive,30,111.57785562885891,0.4291933114563825,93.42617860103293,99.94822933129129,104.94724564534263,110.7373979423831,118.05919282882392,123.83340275931431,130.80230504026147,1.0,1.0,1.0,0.0,0.0,108.75925977326521,3.0,False,2.818595855593699,0.01565886586440944,2.4834182039643737,0.013796767799802077,0.0,0.0,1.0,1.0,23.885173428023023,37.37612643922854,prospective
collapse_tail,211,collapse_tail-211,high,high-w07,3,52,180,daily_to_365_response30_settlement30,500,bayesian_hierarchical,finite-grid-gamma-poisson/1.0.0,posterior_predictive,90,221.15999927615462,0.7895178166721999,188.23072029152195,198.98313934184455,208.97153933295496,220.33909570720186,232.02764733308717,243.85609815339498,256.02296198028165,1.0,1.0,1.0,0.0,0.0,244.16776668700746,3.0,False,23.007767410852836,0.12782093006029352,14.945344664613822,0.0830296925811879,0.0,0.0,0.0,1.0,44.87295881155043,67.7922416887597,prospective
collapse_tail,211,collapse_tail-211,high,high-w07,3,52,180,daily_to_365_response30_settlement30,500,bayesian_hierarchical,finite-grid-gamma-poisson/1.0.0,posterior_predictive,180,263.33109562974846,0.9437315377266288,220.2761407106609,237.33792629421242,249.84039093435027,262.08160950120066,275.9353947192661,290.9628571681131,308.01873482044334,1.0,1.0,1.0,0.0,0.0,308.4058378375771,3.0,False,45.07474220782865,0.25041523448793696,33.72399381448349,0.18735552119157495,0.0,0.0,0.0,0.0,53.62493087390067,87.74259410978243,prospective
collapse_tail,211,collapse_tail-211,high,high-w07,3,52,180,daily_to_365_response30_settlement30,500,bayesian_hierarchical,finite-grid-gamma-poisson/1.0.0,posterior_predictive,425,268.41142544028594,0.9783468637355465,224.0844347955585,242.0707906372322,254.67706459233054,267.03111111787905,282.59758466222064,297.6722593871078,315.38660497746076,1.0,1.0,1.0,0.0,0.0,327.4371542519512,3.0,False,59.02572881166526,0.32792071562036257,46.9608424596781,0.2608935692204339,0.0,0.0,0.0,0.0,55.60146874987558,91.30217018190226,prospective
collapse_tail,211,collapse_tail-211,low,low-w07,7,56,180,daily_to_365_response30_settlement30,500,bayesian_hierarchical,finite-grid-gamma-poisson/1.0.0,posterior_predictive,30,-28.755743659769077,0.04990091329225545,-30.83810385590484,-30.159361926090302,-29.514693704249495,-28.76997089386139,-28.094022162458806,-27.342688350815145,-26.330001128701998,0.0,0.0,0.0,1.0,0.0,-28.705170643058366,,True,0.050573016710711016,0.00028096120394839456,0.2565016052867912,0.0014250089182599513,0.0,0.0,1.0,1.0,2.816673575275157,4.508102727202843,prospective
collapse_tail,211,collapse_tail-211,low,low-w07,7,56,180,daily_to_365_response30_settlement30,500,bayesian_hierarchical,finite-grid-gamma-poisson/1.0.0,posterior_predictive,90,-26.391313037375266,0.08249049969499699,-29.781438854742294,-28.484195037021095,-27.670549390595855,-26.642258845667065,-25.14318696160383,-23.95573438349935,-22.43246848813254,0.0,0.0,0.0,1.0,0.0,-24.58000490136564,,True,1.8113081360096253,0.01006282297783125,1.1458781205706006,0.006365989558725559,0.0,0.0,1.0,1.0,4.528460653521744,7.3489703666097554,prospective
collapse_tail,211,collapse_tail-211,low,low-w07,7,56,180,daily_to_365_response30_settlement30,500,bayesian_hierarchical,finite-grid-gamma-poisson/1.0.0,posterior_predictive,180,-27.73719167409263,0.09433570428019553,-31.605000331575393,-30.30376796575932,-29.19200663386765,-27.89794224534263,-26.349934640096066,-24.953938704201367,-23.258689273781783,0.0,0.0,0.0,1.0,0.0,-23.48466734577653,,True,4.2525243283161025,0.02362513515731168,3.126203461752751,0.017367797009737507,0.0,0.0,0.0,1.0,5.349829261557954,8.34631105779361,prospective
collapse_tail,211,collapse_tail-211,low,low-w07,7,56,180,daily_to_365_response30_settlement30,500,bayesian_hierarchical,finite-grid-gamma-poisson/1.0.0,posterior_predictive,425,-32.96341216244584,0.09905376679887543,-36.97782919510413,-35.59395510579256,-34.55590851383353,-33.11335367901024,-31.458565454837128,-30.044585420200654,-28.428942101702216,0.0,0.0,0.0,1.0,0.0,-28.550871495003552,,True,4.41254066744229,0.02451411481912383,3.2211023146927458,0.017895012859404143,0.0,0.0,0.0,1.0,5.5493696855919055,8.548887093401913,prospective
collapse_tail,211,collapse_tail-211,middle,middle-w07,7,56,180,daily_to_365_response30_settlement30,500,bayesian_hierarchical,finite-grid-gamma-poisson/1.0.0,posterior_predictive,30,-3.011276519967698,0.11814266121113856,-7.90032444438174,-6.094748598895043,-4.844214753566032,-3.1633493540448727,-1.2511183196848261,0.4120377162696594,2.4080506113289606,0.134,0.134,0.134,0.0,0.0,-1.912504454421466,34.0,False,1.0987720655462319,0.006104289253034622,0.8575881834659576,0.004764378797033097,0.017956000000000003,0.017956000000000003,1.0,1.0,6.506786315164702,10.3083750557107,prospective
collapse_tail,211,collapse_tail-211,middle,middle-w07,7,56,180,daily_to_365_response30_settlement30,500,bayesian_hierarchical,finite-grid-gamma-poisson/1.0.0,posterior_predictive,90,18.021340863820587,0.22339760467632044,9.061814160026639,11.936152512626458,14.500026277631763,17.510439773868626,21.38638997484828,24.414186568478375,28.55395796309273,1.0,1.0,0.992,0.0,0.0,26.68409716446611,34.0,False,8.662756300645523,0.04812642389247512,6.094662301186944,0.033859235006594136,0.0,0.0,0.0,1.0,12.478034055851916,19.492143803066092,prospective
collapse_tail,211,collapse_tail-211,middle,middle-w07,7,56,180,daily_to_365_response30_settlement30,500,bayesian_hierarchical,finite-grid-gamma-poisson/1.0.0,posterior_predictive,180,24.3197825654378,0.26781331072591696,13.484869964770134,17.081733087939718,20.263027624204007,23.936729525981843,28.159425113488886,32.10401368752907,36.78393697059315,1.0,1.0,0.992,0.0,0.0,37.88474888553111,34.0,False,13.564966320093308,0.07536092400051839,10.275557734904973,0.05708643186058319,0.0,0.0,0.0,0.0,15.022280599589351,23.29906700582302,prospective
collapse_tail,211,collapse_tail-211,middle,middle-w07,7,56,180,daily_to_365_response30_settlement30,500,bayesian_hierarchical,finite-grid-gamma-poisson/1.0.0,posterior_predictive,425,20.828426544346165,0.27416288434506253,9.283704757433862,13.317278053697839,16.546923075405033,20.28950991264641,24.792852284940544,28.640012593314097,33.65642004729146,1.0,1.0,0.992,0.0,0.0,38.56652313543252,34.0,False,17.738096591086354,0.09854498106159085,14.290451080159027,0.07939139488977237,0.0,0.0,0.0,0.0,15.322734539616258,24.372715289857602,prospective
collapse_tail,211,collapse_tail-211,high,high-w07,7,56,180,daily_to_365_response30_settlement30,500,bayesian_hierarchical,finite-grid-gamma-poisson/1.0.0,posterior_predictive,30,101.664791370725,0.34607571029700734,87.78424167772539,91.98390525201077,95.74950422970178,101.45461638648788,107.28932174294422,111.24345561640105,116.5319750249125,1.0,1.0,1.0,0.0,0.0,108.75925977326521,3.0,False,7.094468402540215,0.03941371334744564,4.233106791245301,0.023517259951362782,0.0,0.0,1.0,1.0,19.25955036439028,28.747733347187108,prospective
collapse_tail,211,collapse_tail-211,high,high-w07,7,56,180,daily_to_365_response30_settlement30,500,bayesian_hierarchical,finite-grid-gamma-poisson/1.0.0,posterior_predictive,90,206.28555179380186,0.6399400630051362,180.00953228077995,187.87831473558612,196.70167485609232,206.2541704306201,216.62828166093004,226.29076280234045,233.40145722765448,1.0,1.0,1.0,0.0,0.0,244.16776668700746,3.0,False,37.8822148932056,0.21045674940669779,29.78341324415735,0.1654634069119853,0.0,0.0,0.0,0.0,38.41244806675434,53.391924946874525,prospective
collapse_tail,211,collapse_tail-211,high,high-w07,7,56,180,daily_to_365_response30_settlement30,500,bayesian_hierarchical,finite-grid-gamma-poisson/1.0.0,posterior_predictive,180,246.76049300410028,0.7664147884173924,214.41089117268123,224.75935156962777,235.85271409514723,245.56112472497216,257.911167269928,270.05342779879123,279.7810128050096,1.0,1.0,1.0,0.0,0.0,308.4058378375771,3.0,False,61.64534483347683,0.34247413796376014,51.922196610952724,0.28845664783862623,0.0,0.0,0.0,0.0,45.294076229163466,65.37012163232836,prospective
collapse_tail,211,collapse_tail-211,high,high-w07,7,56,180,daily_to_365_response30_settlement30,500,bayesian_hierarchical,finite-grid-gamma-poisson/1.0.0,posterior_predictive,425,251.30131318464345,0.7950586961604453,218.81500494901616,228.18042486010546,239.91193589954605,250.76477321013843,262.7494646303532,274.84400831581644,285.2125148073005,1.0,1.0,1.0,0.0,0.0,327.4371542519512,3.0,False,76.13584106730775,0.4229768948183764,66.04132840282482,0.3668962689045823,0.0,0.0,0.0,0.0,46.66358345571098,66.39750985828437,prospective
collapse_tail,211,collapse_tail-211,low,low-w07,14,63,180,daily_to_365_response30_settlement30,500,bayesian_hierarchical,finite-grid-gamma-poisson/1.0.0,posterior_predictive,30,-29.58534339535688,0.037965746713399924,-31.160697377018394,-30.638303295180357,-30.16585970587793,-29.607640249581003,-29.04191581283011,-28.439756082498025,-27.888026232656944,0.0,0.0,0.0,1.0,0.0,-28.705170643058366,,True,0.8801727522985132,0.004889848623880629,0.5502032661763294,0.003056684812090719,0.0,0.0,1.0,1.0,2.1985472126823318,3.27267114436145,prospective
collapse_tail,211,collapse_tail-211,low,low-w07,14,63,180,daily_to_365_response30_settlement30,500,bayesian_hierarchical,finite-grid-gamma-poisson/1.0.0,posterior_predictive,90,-27.736396437586553,0.05987354489683582,-30.09642780217185,-29.46475779124053,-28.702826593417342,-27.74812638712178,-26.8449607849858,-26.067088475714307,-24.961965234862703,0.0,0.0,0.0,1.0,0.0,-24.58000490136564,,True,3.1563915362209123,0.017535508534560623,2.420714563442833,0.013448414241349073,0.0,0.0,0.0,0.0,3.3976693155262225,5.134462567309146,prospective
collapse_tail,211,collapse_tail-211,low,low-w07,14,63,180,daily_to_365_response30_settlement30,500,bayesian_hierarchical,finite-grid-gamma-poisson/1.0.0,posterior_predictive,180,-29.328935047860305,0.0720465744816664,-32.11147937520756,-31.46454899993513,-30.48722154824342,-29.342891173153525,-28.283427367447523,-27.172706828728195,-26.14501819128463,0.0,0.0,0.0,1.0,0.0,-23.48466734577653,,True,5.844267702083776,0.032468153900465424,4.93451799018242,0.02741398883434678,0.0,0.0,0.0,0.0,4.291842171206934,5.966461183922927,prospective
collapse_tail,211,collapse_tail-211,low,low-w07,14,63,180,daily_to_365_response30_settlement30,500,bayesian_hierarchical,finite-grid-gamma-poisson/1.0.0,posterior_predictive,425,-34.64595404843273,0.07648087880142423,-37.577304613243726,-36.89046001263855,-35.82943940532198,-34.667902327641826,-33.47993966126856,-32.49484218930265,-31.22404768249828,0.0,0.0,0.0,1.0,0.0,-28.550871495003552,,True,6.095082553429176,0.0338615697412732,5.132552485176475,0.02851418047320264,0.0,0.0,0.0,0.0,4.395617823335897,6.353256930745445,prospective
collapse_tail,211,collapse_tail-211,middle,middle-w07,14,63,180,daily_to_365_response30_settlement30,500,bayesian_hierarchical,finite-grid-gamma-poisson/1.0.0,posterior_predictive,30,-2.9823004903163937,0.09866485483937895,-6.86160917212345,-5.545249203168172,-4.510940890079757,-3.176409082480514,-1.7452085704087186,-0.004193153778472567,1.7969586033920661,0.098,0.1,0.098,0.0,0.0,-1.912504454421466,34.0,False,1.0697960358949277,0.005943311310527376,0.7910799458674949,0.004394888588152749,0.009604000000000001,0.010000000000000002,1.0,1.0,5.5410560493897,8.658567775515516,prospective
collapse_tail,211,collapse_tail-211,middle,middle-w07,14,63,180,daily_to_365_response30_settlement30,500,bayesian_hierarchical,finite-grid-gamma-poisson/1.0.0,posterior_predictive,90,19.408264484311218,0.1927143148139005,11.989569368711592,14.013740996769249,16.33427954414516,19.345214647729314,22.28096826391867,24.707175505339976,28.893249532423518,1.0,1.0,0.994,0.0,0.0,26.68409716446611,34.0,False,7.275832680154892,0.04042129266752718,5.092893040544137,0.028293850225245207,0.0,0.0,0.0,1.0,10.693434508570727,16.903680163711925,prospective
collapse_tail,211,collapse_tail-211,middle,middle-w07,14,63,180,daily_to_365_response30_settlement30,500,bayesian_hierarchical,finite-grid-gamma-poisson/1.0.0,posterior_predictive,180,26.052372118722772,0.22594163178315588,16.8113185469392,19.376295907792557,22.620891356282797,25.700453865803933,29.53271334328105,32.60366053873908,36.424998423981826,1.0,1.0,0.994,0.0,0.0,37.88474888553111,34.0,False,11.832376766808338,0.06573542648226854,9.020598907231767,0.05011443837350982,0.0,0.0,0.0,0.0,13.227364630946521,19.613679877042625,prospective
collapse_tail,211,collapse_tail-211,middle,middle-w07,14,63,180,daily_to_365_response30_settlement30,500,bayesian_hierarchical,finite-grid-gamma-poisson/1.0.0,posterior_predictive,425,22.676804630068748,0.2351309752245904,12.940073018605958,15.836372918726589,19.177305374052874,22.426891387052454,26.204379865631616,29.4708712292471,33.369647740352,1.0,1.0,0.994,0.0,0.0,38.56652313543252,34.0,False,15.88971850536377,0.08827621391868762,12.917693063863261,0.07176496146590701,0.0,0.0,0.0,0.0,13.63449831052051,20.429574721746043,prospective
collapse_tail,211,collapse_tail-211,high,high-w07,14,63,180,daily_to_365_response30_settlement30,500,bayesian_hierarchical,finite-grid-gamma-poisson/1.0.0,posterior_predictive,30,110.29167490986653,0.26093059151187703,99.47268623169857,102.50991508140183,106.3160868215232,110.24176578112252,114.41615517314008,117.80469502109675,121.26511967186165,1.0,1.0,1.0,0.0,0.0,108.75925977326521,3.0,False,1.5324151366013155,0.008513417425562863,1.5132372394066649,0.00840687355225925,0.0,0.0,1.0,1.0,15.29477993969492,21.79243344016308,prospective
collapse_tail,211,collapse_tail-211,high,high-w07,14,63,180,daily_to_365_response30_settlement30,500,bayesian_hierarchical,finite-grid-gamma-poisson/1.0.0,posterior_predictive,90,221.1089229816114,0.5375530194735394,198.51098645429272,206.31200252913766,212.780369588691,220.6014593385952,229.38976605581826,237.0509127933264,244.76217323063597,1.0,1.0,1.0,0.0,0.0,244.16776668700746,3.0,False,23.058843705396043,0.12810468725220023,16.509418160438674,0.09171898978021485,0.0,0.0,0.0,1.0,30.738910264188746,46.251186776343246,prospective
collapse_tail,211,collapse_tail-211,high,high-w07,14,63,180,daily_to_365_response30_settlement30,500,bayesian_hierarchical,finite-grid-gamma-poisson/1.0.0,posterior_predictive,180,263.7328108884021,0.6630816115268084,236.24981613378844,244.25669160332328,254.12810132611997,263.89349960750775,273.28001015553144,283.25055984978263,293.2725401782997,1.0,1.0,1.0,0.0,0.0,308.4058378375771,3.0,False,44.67302694917498,0.24818348305097213,36.3101422574463,0.20172301254136835,0.0,0.0,0.0,0.0,38.99386824645936,57.02272404451128,prospective
collapse_tail,211,collapse_tail-211,high,high-w07,14,63,180,daily_to_365_response30_settlement30,500,bayesian_hierarchical,finite-grid-gamma-poisson/1.0.0,posterior_predictive,425,268.81565960270564,0.6929414149348188,238.94670234244043,248.63641489980006,258.4162445305282,269.30702374582074,279.2560676881029,289.65331171682595,299.6255156342819,1.0,1.0,1.0,0.0,0.0,327.4371542519512,3.0,False,58.62149464924556,0.32567497027358644,49.8721588114593,0.27706754895255165,0.0,0.0,0.0,0.0,41.016896817025895,60.678813291841465,prospective
collapse_tail,211,collapse_tail-211,low,low-w07,30,79,180,daily_to_365_response30_settlement30,500,bayesian_hierarchical,finite-grid-gamma-poisson/1.0.0,posterior_predictive,30,-28.73032195364144,0.0034709444739677857,-28.874879357450112,-28.795726730024693,-28.757326744262382,-28.757326744262382,-28.6980893086945,-28.638052932196768,-28.549627968776168,0.0,0.0,0.0,1.0,0.0,-28.705170643058366,,True,0.025151310583073183,0.00013972950323929545,0.025520954458546186,0.0001417830803252566,0.0,0.0,1.0,1.0,0.15767379782792545,0.3252513886739443,nowcast_or_retrospective
collapse_tail,211,collapse_tail-211,low,low-w07,30,79,180,daily_to_365_response30_settlement30,500,bayesian_hierarchical,finite-grid-gamma-poisson/1.0.0,posterior_predictive,90,-26.491412468935966,0.043511031547050334,-28.248270711907132,-27.63260905851174,-27.148282777371378,-26.57676258185615,-25.924466912828244,-25.210987491920577,-24.371317668100225,0.0,0.0,0.0,1.0,0.0,-24.58000490136564,,True,1.9114075675703255,0.010618930930946253,1.4130160064143804,0.007850088924524335,0.0,0.0,0.0,1.0,2.4216215665911633,3.876953043806907,prospective
collapse_tail,211,collapse_tail-211,low,low-w07,30,79,180,daily_to_365_response30_settlement30,500,bayesian_hierarchical,finite-grid-gamma-poisson/1.0.0,posterior_predictive,180,-27.839080346774995,0.05220779795510536,-29.881861351154352,-29.25863538918479,-28.61354857618613,-27.909258361186446,-27.149694007059693,-26.358299661425974,-25.39656777943776,0.0,0.0,0.0,1.0,0.0,-23.48466734577653,,True,4.354413000998466,0.02419118333888037,3.70975157683213,0.020609730982400723,0.0,0.0,0.0,0.0,2.900335727758815,4.485293571716593,prospective
collapse_tail,211,collapse_tail-211,low,low-w07,30,79,180,daily_to_365_response30_settlement30,500,bayesian_hierarchical,finite-grid-gamma-poisson/1.0.0,posterior_predictive,425,-33.02599812170649,0.05710748741227993,-35.28740007079478,-34.569795287050304,-33.88736153031358,-33.13116549444371,-32.22287171413506,-31.35061207953051,-30.481420316833464,0.0,0.0,0.0,1.0,0.0,-28.550871495003552,,True,4.4751266267029415,0.02486181459279412,3.7672903629309307,0.020929390905171836,0.0,0.0,0.0,0.0,3.2191832075197944,4.805979753961317,prospective
collapse_tail,211,collapse_tail-211,middle,middle-w07,30,79,180,daily_to_365_response30_settlement30,500,bayesian_hierarchical,finite-grid-gamma-poisson/1.0.0,posterior_predictive,30,-2.5191759417854924,0.011787383297262978,-2.987809406708645,-2.8079475207279874,-2.6753401605526967,-2.5468035405873506,-2.379974133119693,-2.1730259948197093,-1.8735752836285022,0.0,0.0,0.0,0.0,0.0,-1.912504454421466,34.0,False,0.6066714873640264,0.003370397152022369,0.47137286428183045,0.002618738134899058,0.0,0.0,0.0,1.0,0.6349215259082781,1.1142341230801427,nowcast_or_retrospective
collapse_tail,211,collapse_tail-211,middle,middle-w07,30,79,180,daily_to_365_response30_settlement30,500,bayesian_hierarchical,finite-grid-gamma-poisson/1.0.0,posterior_predictive,90,20.13933258291954,0.12276637720797991,14.87554368342079,16.788493239966822,18.361416899857343,19.94163056037324,21.880794151942023,23.630049812698736,25.929774549960523,1.0,1.0,0.996,0.0,0.0,26.68409716446611,34.0,False,6.54476458154657,0.036359803230814274,5.036607806033172,0.027981154477962067,0.0,0.0,0.0,0.0,6.841556572731914,11.054230866539733,prospective
collapse_tail,211,collapse_tail-211,middle,middle-w07,30,79,180,daily_to_365_response30_settlement30,500,bayesian_hierarchical,finite-grid-gamma-poisson/1.0.0,posterior_predictive,180,26.897014722842883,0.15341624217585106,20.44930117654494,22.511913325158282,24.600028766427627,26.91357495052224,29.00492036651,31.212623153511448,34.220141585060944,1.0,1.0,0.996,0.0,0.0,37.88474888553111,34.0,False,10.987734162688227,0.06104296757049015,9.069277525541166,0.050384875141895366,0.0,0.0,0.0,0.0,8.700709828353165,13.770840408516005,prospective
collapse_tail,211,collapse_tail-211,middle,middle-w07,30,79,180,daily_to_365_response30_settlement30,500,bayesian_hierarchical,finite-grid-gamma-poisson/1.0.0,posterior_predictive,425,23.618246510119917,0.15750178505953785,16.645486980773114,19.338839735763894,21.366790033223044,23.698011565273852,25.599351225874386,27.97187769191839,30.890113682715256,1.0,1.0,0.996,0.0,0.0,38.56652313543252,34.0,False,14.948276625312602,0.08304598125173668,12.988595338333077,0.07215886299073931,0.0,0.0,0.0,0.0,8.633037956154496,14.244626701942142,prospective
collapse_tail,211,collapse_tail-211,high,high-w07,30,79,180,daily_to_365_response30_settlement30,500,bayesian_hierarchical,finite-grid-gamma-poisson/1.0.0,posterior_predictive,30,109.60244394979792,0.029624034839074446,108.29561134123799,108.84008701544825,109.1978716179067,109.57567819224822,109.99306503136154,110.36079588845536,110.94494988994981,1.0,1.0,1.0,0.0,0.0,108.75925977326521,3.0,False,0.8431841765327022,0.0046843565362927895,0.5393777916208813,0.002996543286782674,0.0,0.0,0.0,1.0,1.5207088730071092,2.6493385487118246,nowcast_or_retrospective
collapse_tail,211,collapse_tail-211,high,high-w07,30,79,180,daily_to_365_response30_settlement30,500,bayesian_hierarchical,finite-grid-gamma-poisson/1.0.0,posterior_predictive,90,217.51514431597857,0.3443186319505587,202.35556748314374,207.20546893105356,212.72549184438898,217.35935272060402,222.63958366238668,227.0581218795176,232.89276837662536,1.0,1.0,1.0,0.0,0.0,244.16776668700746,3.0,False,26.652622371028883,0.1480701242834938,22.323224691746603,0.1240179149541478,0.0,0.0,0.0,0.0,19.852652948464055,30.53720089348161,prospective
collapse_tail,211,collapse_tail-211,high,high-w07,30,79,180,daily_to_365_response30_settlement30,500,bayesian_hierarchical,finite-grid-gamma-poisson/1.0.0,posterior_predictive,180,259.11299173928313,0.4209924431755494,240.89460295520584,246.90922059104426,252.66735582609556,258.75798793019277,265.19320227872447,271.45420113236895,277.0914340086296,1.0,1.0,1.0,0.0,0.0,308.4058378375771,3.0,False,49.29284609829398,0.2738491449905221,44.001527514262044,0.24445293063478912,0.0,0.0,0.0,0.0,24.54498054132469,36.19683105342378,prospective
collapse_tail,211,collapse_tail-211,high,high-w07,30,79,180,daily_to_365_response30_settlement30,500,bayesian_hierarchical,finite-grid-gamma-poisson/1.0.0,posterior_predictive,425,264.10168026190763,0.44189941277959,244.92279614607457,252.1512910580141,257.7056500796791,263.7890194061338,270.25960277483324,277.115843050493,283.89294135615535,1.0,1.0,1.0,0.0,0.0,327.4371542519512,3.0,False,63.33547399004357,0.35186374438913093,57.79046897152489,0.32105816095291606,0.0,0.0,0.0,0.0,24.96455199247893,38.97014521008077,prospective
collapse_tail,211,collapse_tail-211,low,low-w07,60,109,180,daily_to_365_response30_settlement30,500,bayesian_hierarchical,finite-grid-gamma-poisson/1.0.0,posterior_predictive,30,-28.70517064305836,3.180826134296276e-16,-28.705170643058366,-28.705170643058366,-28.705170643058366,-28.705170643058366,-28.705170643058366,-28.705170643058366,-28.705170643058366,0.0,0.0,0.0,1.0,0.0,-28.705170643058366,,True,7.105427357601002e-15,3.947459643111668e-17,1.862645149230957e-15,1.034802860683865e-17,0.0,0.0,1.0,1.0,0.0,0.0,nowcast_or_retrospective
collapse_tail,211,collapse_tail-211,low,low-w07,60,109,180,daily_to_365_response30_settlement30,500,bayesian_hierarchical,finite-grid-gamma-poisson/1.0.0,posterior_predictive,90,-24.77744581203613,0.02530321223168079,-25.74557728571933,-25.51132240199802,-25.16182172352695,-24.82668156543266,-24.395893792541642,-24.04930814608187,-23.606849187908605,0.0,0.0,0.0,1.0,0.0,-24.58000490136564,,True,0.1974409106704904,0.0010968939481693911,0.17084566539804352,0.0009491425855446862,0.0,0.0,1.0,1.0,1.4620142559161486,2.138728097810727,prospective
collapse_tail,211,collapse_tail-211,low,low-w07,60,109,180,daily_to_365_response30_settlement30,500,bayesian_hierarchical,finite-grid-gamma-poisson/1.0.0,posterior_predictive,180,-25.75884608740832,0.03725446094491028,-27.203997428573693,-26.75868977207432,-26.387767443562964,-25.80021094433944,-25.209471528503123,-24.691800591828354,-24.063046269183854,0.0,0.0,0.0,1.0,0.0,-23.48466734577653,,True,2.27417874163179,0.012634326342398833,1.8104190190431613,0.010057883439128674,0.0,0.0,0.0,0.0,2.0668891802459655,3.1409511593898394,prospective
collapse_tail,211,collapse_tail-211,low,low-w07,60,109,180,daily_to_365_response30_settlement30,500,bayesian_hierarchical,finite-grid-gamma-poisson/1.0.0,posterior_predictive,425,-30.77148354490937,0.04176633526579464,-32.41400291819178,-31.930778478040484,-31.464084990391562,-30.824400094824952,-30.134964345288196,-29.5491705742699,-28.893616894259253,0.0,0.0,0.0,1.0,0.0,-28.550871495003552,,True,2.2206120499058173,0.012336733610587874,1.7041861845200437,0.009467701025111354,0.0,0.0,0.0,0.0,2.3816079037705826,3.5203860239325238,prospective
collapse_tail,211,collapse_tail-211,middle,middle-w07,60,109,180,daily_to_365_response30_settlement30,500,bayesian_hierarchical,finite-grid-gamma-poisson/1.0.0,posterior_predictive,30,-1.9125044544214662,9.940081669675863e-18,-1.912504454421466,-1.912504454421466,-1.912504454421466,-1.912504454421466,-1.912504454421466,-1.912504454421466,-1.912504454421466,0.0,0.0,0.0,0.0,0.0,-1.912504454421466,34.0,False,2.220446049250313e-16,1.2335811384723962e-18,0.0,0.0,0.0,0.0,1.0,1.0,0.0,0.0,nowcast_or_retrospective
collapse_tail,211,collapse_tail-211,middle,middle-w07,60,109,180,daily_to_365_response30_settlement30,500,bayesian_hierarchical,finite-grid-gamma-poisson/1.0.0,posterior_predictive,90,24.384182160028672,0.07696171756139941,21.266153039668353,22.350577218401867,23.1793698567851,24.243077831140496,25.523472508964076,26.797270534109433,27.946408881555755,1.0,1.0,1.0,0.0,0.0,26.68409716446611,34.0,False,2.2999150044374375,0.012777305580207985,1.5309361278443938,0.008505200710246632,0.0,0.0,1.0,1.0,4.4466933157075665,6.680255841887401,prospective
collapse_tail,211,collapse_tail-211,middle,middle-w07,60,109,180,daily_to_365_response30_settlement30,500,bayesian_hierarchical,finite-grid-gamma-poisson/1.0.0,posterior_predictive,180,31.567832378846084,0.1117054030622852,26.851530644820116,28.277250236279627,29.956510854750725,31.49253987648855,33.501875898427485,34.715436433269936,36.323378093656714,1.0,1.0,1.0,0.0,0.0,37.88474888553111,34.0,False,6.3169165066850255,0.035093980592694585,4.9254821020675195,0.027363789455930664,0.0,0.0,0.0,0.0,6.4381861969903085,9.471847448836598,prospective
collapse_tail,211,collapse_tail-211,middle,middle-w07,60,109,180,daily_to_365_response30_settlement30,500,bayesian_hierarchical,finite-grid-gamma-poisson/1.0.0,posterior_predictive,425,28.53155124467799,0.12092806014612016,23.509976253466945,24.862724097987353,26.60765829856509,28.447104656008907,30.45981685228257,32.062920626677176,33.61272752150988,1.0,1.0,1.0,0.0,0.0,38.56652313543252,34.0,False,10.03497189075453,0.05574984383752517,8.5047376737562,0.04724854263197889,0.0,0.0,0.0,0.0,7.200196528689823,10.102751268042937,prospective
collapse_tail,211,collapse_tail-211,high,high-w07,60,109,180,daily_to_365_response30_settlement30,500,bayesian_hierarchical,finite-grid-gamma-poisson/1.0.0,posterior_predictive,30,108.75925977326523,6.361652268592552e-16,108.75925977326521,108.75925977326521,108.75925977326521,108.75925977326521,108.75925977326521,108.75925977326521,108.75925977326521,1.0,1.0,1.0,0.0,0.0,108.75925977326521,3.0,False,1.4210854715202004e-14,7.894919286223336e-17,-3.725290298461914e-15,-2.06960572136773e-17,0.0,0.0,1.0,1.0,0.0,0.0,nowcast_or_retrospective
collapse_tail,211,collapse_tail-211,high,high-w07,60,109,180,daily_to_365_response30_settlement30,500,bayesian_hierarchical,finite-grid-gamma-poisson/1.0.0,posterior_predictive,90,236.2790259127217,0.20055571479751183,227.19931151463484,230.6554744742514,233.3920834260332,236.3445908066221,239.31245339027043,241.60295641398557,245.5971085336561,1.0,1.0,1.0,0.0,0.0,244.16776668700746,3.0,False,7.888740774285765,0.043826337634920914,5.590743775212559,0.03105968764006977,0.0,0.0,0.0,1.0,10.94748193973416,18.397797019021255,prospective
collapse_tail,211,collapse_tail-211,high,high-w07,60,109,180,daily_to_365_response30_settlement30,500,bayesian_hierarchical,finite-grid-gamma-poisson/1.0.0,posterior_predictive,180,282.5871452624259,0.30665061237521146,269.09403717599145,274.0830218894948,278.1323837207981,282.649700706486,286.8641987591012,291.4378131073012,296.49664499490524,1.0,1.0,1.0,0.0,0.0,308.4058378375771,3.0,False,25.818692575151204,0.14343718097306224,21.973842766936635,0.12207690426075908,0.0,0.0,0.0,0.0,17.35479121780645,27.402607818913793,prospective
collapse_tail,211,collapse_tail-211,high,high-w07,60,109,180,daily_to_365_response30_settlement30,500,bayesian_hierarchical,finite-grid-gamma-poisson/1.0.0,posterior_predictive,425,288.55730619190166,0.32647767961865926,274.5702644951279,279.19777798407165,283.87578825357014,288.51364286176306,293.0704294456343,297.9918299151553,304.1978640582578,1.0,1.0,1.0,0.0,0.0,327.4371542519512,3.0,False,38.87984806004954,0.2159991558891641,34.79257461676048,0.1932920812042249,0.0,0.0,0.0,0.0,18.79405193108363,29.627599563129877,prospective
