origin_age,probability_bin,worlds,predicted_probability,observed_frequency
3,0,569,0.023053125071737342,0.022847100175746926
3,1,187,0.12934082480475226,0.12834224598930483
3,2,207,0.23524007586833046,0.21739130434782608
3,3,102,0.3312519115223448,0.29411764705882354
3,4,158,0.4399783560811366,0.45569620253164556
3,5,89,0.5605336104188524,0.5730337078651685
3,6,54,0.6351846569932015,0.7037037037037037
3,7,112,0.7345303315023831,0.7678571428571429
3,8,107,0.8407301685543492,0.8037383177570093
3,9,415,0.9696413453947166,0.9662650602409638
7,0,708,0.024276423512938964,0.022598870056497175
7,1,164,0.1415328327745798,0.1402439024390244
7,2,125,0.239368001780853,0.232
7,3,121,0.36674223079825796,0.34710743801652894
7,4,67,0.46988610742425196,0.47761194029850745
7,5,55,0.5411040933564898,0.5272727272727272
7,6,112,0.6430212738062245,0.6428571428571429
7,7,101,0.7615575648206949,0.7227722772277227
7,8,91,0.8559220437830434,0.8791208791208791
7,9,456,0.9784990863219323,0.9868421052631579
14,0,781,0.015991073253394737,0.02560819462227913
14,1,162,0.13244748284368169,0.1111111111111111
14,2,99,0.24633153066062896,0.23232323232323232
14,3,64,0.3528897118051933,0.40625
14,4,48,0.4550618503367039,0.4375
14,5,77,0.5567753410339122,0.42857142857142855
14,6,49,0.6477706236580038,0.5510204081632653
14,7,80,0.7329724700477117,0.725
14,8,98,0.8488225485341377,0.8775510204081632
14,9,542,0.9832269975747431,0.985239852398524
30,0,910,0.011779261203122508,0.008791208791208791
30,1,93,0.15209239855993123,0.16129032258064516
30,2,50,0.2578233928918159,0.18
30,3,76,0.37010614768055194,0.3815789473684211
30,4,27,0.4591600003356138,0.4444444444444444
30,5,53,0.5539455900026163,0.5660377358490566
30,6,44,0.6645607677397644,0.6363636363636364
30,7,52,0.771927946065042,0.6730769230769231
30,8,45,0.8650263906970584,0.8444444444444444
30,9,650,0.9873103634397555,0.9876923076923076
60,0,994,0.005717965310863202,0.005030181086519115
60,1,63,0.13227254191324592,0.12698412698412698
60,2,43,0.24961007597183518,0.23255813953488372
60,3,19,0.340405468527978,0.2631578947368421
60,4,42,0.43627579886733736,0.47619047619047616
60,5,19,0.5427284791802268,0.5789473684210527
60,6,31,0.6466884346644983,0.6451612903225806
60,7,42,0.767707980506238,0.7142857142857143
60,8,43,0.8615910034332218,0.8604651162790697
60,9,704,0.9940930700448533,0.9943181818181818
