panel,world,scenario,source_id,calendar_day,price_per_send,human_cpc,cpl_quote,new_purchases,acquisition_total,value_role,paid_cpl
commercial_inputs,demo-human_decline_bot_rise-884000,human_decline_bot_rise,established_a,0,0.00025,0.2004842304479644,0.18,100,18.0,evaluator_only_calendar_and_observed_quotes,
commercial_inputs,demo-human_decline_bot_rise-884000,human_decline_bot_rise,established_a,1,0.00025,0.2004842304479644,0.18,0,0.0,evaluator_only_calendar_and_observed_quotes,
commercial_inputs,demo-human_decline_bot_rise-884000,human_decline_bot_rise,established_a,2,0.00025,0.2004842304479644,0.18,0,0.0,evaluator_only_calendar_and_observed_quotes,
commercial_inputs,demo-human_decline_bot_rise-884000,human_decline_bot_rise,established_a,3,0.00025,0.2004842304479644,0.18,0,0.0,evaluator_only_calendar_and_observed_quotes,
commercial_inputs,demo-human_decline_bot_rise-884000,human_decline_bot_rise,established_a,4,0.00025,0.2004842304479644,0.18,0,0.0,evaluator_only_calendar_and_observed_quotes,
commercial_inputs,demo-human_decline_bot_rise-884000,human_decline_bot_rise,established_a,5,0.00025,0.2004842304479644,0.18,0,0.0,evaluator_only_calendar_and_observed_quotes,
commercial_inputs,demo-human_decline_bot_rise-884000,human_decline_bot_rise,established_a,6,0.00025,0.2004842304479644,0.18,0,0.0,evaluator_only_calendar_and_observed_quotes,
commercial_inputs,demo-human_decline_bot_rise-884000,human_decline_bot_rise,established_a,7,0.00025,0.2024660646749342,0.18,100,18.0,evaluator_only_calendar_and_observed_quotes,
commercial_inputs,demo-human_decline_bot_rise-884000,human_decline_bot_rise,established_a,8,0.00025,0.2024660646749342,0.18,0,0.0,evaluator_only_calendar_and_observed_quotes,
commercial_inputs,demo-human_decline_bot_rise-884000,human_decline_bot_rise,established_a,9,0.00025,0.2024660646749342,0.18,0,0.0,evaluator_only_calendar_and_observed_quotes,
commercial_inputs,demo-human_decline_bot_rise-884000,human_decline_bot_rise,established_a,10,0.00025,0.2024660646749342,0.18,0,0.0,evaluator_only_calendar_and_observed_quotes,
commercial_inputs,demo-human_decline_bot_rise-884000,human_decline_bot_rise,established_a,11,0.00025,0.2024660646749342,0.18,0,0.0,evaluator_only_calendar_and_observed_quotes,
commercial_inputs,demo-human_decline_bot_rise-884000,human_decline_bot_rise,established_a,12,0.00025,0.2024660646749342,0.18,0,0.0,evaluator_only_calendar_and_observed_quotes,
commercial_inputs,demo-human_decline_bot_rise-884000,human_decline_bot_rise,established_a,13,0.00025,0.2024660646749342,0.18,0,0.0,evaluator_only_calendar_and_observed_quotes,
commercial_inputs,demo-human_decline_bot_rise-884000,human_decline_bot_rise,established_a,14,0.00025,0.1938533855804287,0.18,100,18.0,evaluator_only_calendar_and_observed_quotes,
commercial_inputs,demo-human_decline_bot_rise-884000,human_decline_bot_rise,established_a,15,0.00025,0.1938533855804287,0.18,0,0.0,evaluator_only_calendar_and_observed_quotes,
commercial_inputs,demo-human_decline_bot_rise-884000,human_decline_bot_rise,established_a,16,0.00025,0.1938533855804287,0.18,0,0.0,evaluator_only_calendar_and_observed_quotes,
commercial_inputs,demo-human_decline_bot_rise-884000,human_decline_bot_rise,established_a,17,0.00025,0.1938533855804287,0.18,0,0.0,evaluator_only_calendar_and_observed_quotes,
commercial_inputs,demo-human_decline_bot_rise-884000,human_decline_bot_rise,established_a,18,0.00025,0.1938533855804287,0.18,0,0.0,evaluator_only_calendar_and_observed_quotes,
commercial_inputs,demo-human_decline_bot_rise-884000,human_decline_bot_rise,established_a,19,0.00025,0.1938533855804287,0.18,0,0.0,evaluator_only_calendar_and_observed_quotes,
commercial_inputs,demo-human_decline_bot_rise-884000,human_decline_bot_rise,established_a,20,0.00025,0.1938533855804287,0.18,0,0.0,evaluator_only_calendar_and_observed_quotes,
commercial_inputs,demo-human_decline_bot_rise-884000,human_decline_bot_rise,established_a,21,0.00025,0.2009875964996612,0.18,100,18.0,evaluator_only_calendar_and_observed_quotes,
commercial_inputs,demo-human_decline_bot_rise-884000,human_decline_bot_rise,established_a,22,0.00025,0.2009875964996612,0.18,0,0.0,evaluator_only_calendar_and_observed_quotes,
commercial_inputs,demo-human_decline_bot_rise-884000,human_decline_bot_rise,established_a,23,0.00025,0.2009875964996612,0.18,0,0.0,evaluator_only_calendar_and_observed_quotes,
commercial_inputs,demo-human_decline_bot_rise-884000,human_decline_bot_rise,established_a,24,0.00025,0.2009875964996612,0.18,0,0.0,evaluator_only_calendar_and_observed_quotes,
commercial_inputs,demo-human_decline_bot_rise-884000,human_decline_bot_rise,established_a,25,0.00025,0.2009875964996612,0.18,0,0.0,evaluator_only_calendar_and_observed_quotes,
commercial_inputs,demo-human_decline_bot_rise-884000,human_decline_bot_rise,established_a,26,0.00025,0.2009875964996612,0.18,0,0.0,evaluator_only_calendar_and_observed_quotes,
commercial_inputs,demo-human_decline_bot_rise-884000,human_decline_bot_rise,established_a,27,0.00025,0.2009875964996612,0.18,0,0.0,evaluator_only_calendar_and_observed_quotes,
commercial_inputs,demo-human_decline_bot_rise-884000,human_decline_bot_rise,established_a,28,0.00025,0.2052157043419529,0.18,100,18.0,evaluator_only_calendar_and_observed_quotes,
commercial_inputs,demo-human_decline_bot_rise-884000,human_decline_bot_rise,established_a,29,0.00025,0.2052157043419529,0.18,0,0.0,evaluator_only_calendar_and_observed_quotes,
commercial_inputs,demo-human_decline_bot_rise-884000,human_decline_bot_rise,established_a,30,0.00025,0.2052157043419529,0.18,0,0.0,evaluator_only_calendar_and_observed_quotes,
commercial_inputs,demo-human_decline_bot_rise-884000,human_decline_bot_rise,established_a,31,0.00025,0.2052157043419529,0.18,0,0.0,evaluator_only_calendar_and_observed_quotes,
commercial_inputs,demo-human_decline_bot_rise-884000,human_decline_bot_rise,established_a,32,0.00025,0.2052157043419529,0.18,0,0.0,evaluator_only_calendar_and_observed_quotes,
commercial_inputs,demo-human_decline_bot_rise-884000,human_decline_bot_rise,established_a,33,0.00025,0.2052157043419529,0.18,0,0.0,evaluator_only_calendar_and_observed_quotes,
commercial_inputs,demo-human_decline_bot_rise-884000,human_decline_bot_rise,established_a,34,0.00025,0.2052157043419529,0.18,0,0.0,evaluator_only_calendar_and_observed_quotes,
commercial_inputs,demo-human_decline_bot_rise-884000,human_decline_bot_rise,established_a,35,0.00025,0.2024701714090525,0.18,100,18.0,evaluator_only_calendar_and_observed_quotes,
commercial_inputs,demo-human_decline_bot_rise-884000,human_decline_bot_rise,established_a,36,0.00025,0.2024701714090525,0.18,0,0.0,evaluator_only_calendar_and_observed_quotes,
commercial_inputs,demo-human_decline_bot_rise-884000,human_decline_bot_rise,established_a,37,0.00025,0.2024701714090525,0.18,0,0.0,evaluator_only_calendar_and_observed_quotes,
commercial_inputs,demo-human_decline_bot_rise-884000,human_decline_bot_rise,established_a,38,0.00025,0.2024701714090525,0.18,0,0.0,evaluator_only_calendar_and_observed_quotes,
commercial_inputs,demo-human_decline_bot_rise-884000,human_decline_bot_rise,established_a,39,0.00025,0.2024701714090525,0.18,0,0.0,evaluator_only_calendar_and_observed_quotes,
commercial_inputs,demo-human_decline_bot_rise-884000,human_decline_bot_rise,established_a,40,0.00025,0.2024701714090525,0.18,0,0.0,evaluator_only_calendar_and_observed_quotes,
commercial_inputs,demo-human_decline_bot_rise-884000,human_decline_bot_rise,established_a,41,0.00025,0.2024701714090525,0.18,0,0.0,evaluator_only_calendar_and_observed_quotes,
commercial_inputs,demo-human_decline_bot_rise-884000,human_decline_bot_rise,established_a,42,0.00025,0.1946930813566472,0.18,100,18.0,evaluator_only_calendar_and_observed_quotes,
commercial_inputs,demo-human_decline_bot_rise-884000,human_decline_bot_rise,established_a,43,0.00025,0.1931417503037624,0.18144,0,0.0,evaluator_only_calendar_and_observed_quotes,
commercial_inputs,demo-human_decline_bot_rise-884000,human_decline_bot_rise,established_a,44,0.00025,0.1916027803888229,0.18288,0,0.0,evaluator_only_calendar_and_observed_quotes,
commercial_inputs,demo-human_decline_bot_rise-884000,human_decline_bot_rise,established_a,45,0.00025,0.1900760731172287,0.1843199999999999,0,0.0,evaluator_only_calendar_and_observed_quotes,
commercial_inputs,demo-human_decline_bot_rise-884000,human_decline_bot_rise,established_a,46,0.00025,0.1885615307791936,0.18576,0,0.0,evaluator_only_calendar_and_observed_quotes,
commercial_inputs,demo-human_decline_bot_rise-884000,human_decline_bot_rise,established_a,47,0.00025,0.1870590564434907,0.1872,0,0.0,evaluator_only_calendar_and_observed_quotes,
commercial_inputs,demo-human_decline_bot_rise-884000,human_decline_bot_rise,established_a,48,0.00025,0.1855685539512499,0.18864,0,0.0,evaluator_only_calendar_and_observed_quotes,
commercial_inputs,demo-human_decline_bot_rise-884000,human_decline_bot_rise,established_a,49,0.00025,0.1938104841670482,0.19008,100,19.008000000000003,evaluator_only_calendar_and_observed_quotes,
commercial_inputs,demo-human_decline_bot_rise-884000,human_decline_bot_rise,established_a,50,0.00025,0.1922661857237347,0.19152,0,0.0,evaluator_only_calendar_and_observed_quotes,
commercial_inputs,demo-human_decline_bot_rise-884000,human_decline_bot_rise,established_a,51,0.00025,0.1907341923819344,0.19296,0,0.0,evaluator_only_calendar_and_observed_quotes,
commercial_inputs,demo-human_decline_bot_rise-884000,human_decline_bot_rise,established_a,52,0.00025,0.1892144060935507,0.1944,0,0.0,evaluator_only_calendar_and_observed_quotes,
commercial_inputs,demo-human_decline_bot_rise-884000,human_decline_bot_rise,established_a,53,0.00025,0.1877067295917423,0.19584,0,0.0,evaluator_only_calendar_and_observed_quotes,
commercial_inputs,demo-human_decline_bot_rise-884000,human_decline_bot_rise,established_a,54,0.00025,0.1862110663846984,0.19728,0,0.0,evaluator_only_calendar_and_observed_quotes,
commercial_inputs,demo-human_decline_bot_rise-884000,human_decline_bot_rise,established_a,55,0.00025,0.1847273207494634,0.19872,0,0.0,evaluator_only_calendar_and_observed_quotes,
commercial_inputs,demo-human_decline_bot_rise-884000,human_decline_bot_rise,established_a,56,0.00025,0.1851005482211327,0.20016,100,20.016,evaluator_only_calendar_and_observed_quotes,
commercial_inputs,demo-human_decline_bot_rise-884000,human_decline_bot_rise,established_a,57,0.00025,0.1836256512891999,0.2016,0,0.0,evaluator_only_calendar_and_observed_quotes,
commercial_inputs,demo-human_decline_bot_rise-884000,human_decline_bot_rise,established_a,58,0.00025,0.1821625064616274,0.20304,0,0.0,evaluator_only_calendar_and_observed_quotes,
commercial_inputs,demo-human_decline_bot_rise-884000,human_decline_bot_rise,established_a,59,0.00025,0.1807110200966467,0.20448,0,0.0,evaluator_only_calendar_and_observed_quotes,
commercial_inputs,demo-human_decline_bot_rise-884000,human_decline_bot_rise,established_a,60,0.00025,0.1792710992986349,0.20592,0,0.0,evaluator_only_calendar_and_observed_quotes,
commercial_inputs,demo-human_decline_bot_rise-884000,human_decline_bot_rise,established_a,61,0.00025,0.1778426519121697,0.20736,0,0.0,evaluator_only_calendar_and_observed_quotes,
commercial_inputs,demo-human_decline_bot_rise-884000,human_decline_bot_rise,established_a,62,0.00025,0.1764255865161305,0.2087999999999999,0,0.0,evaluator_only_calendar_and_observed_quotes,
commercial_inputs,demo-human_decline_bot_rise-884000,human_decline_bot_rise,established_a,63,0.00025,0.1725880326018565,0.2102399999999999,100,21.024,evaluator_only_calendar_and_observed_quotes,
commercial_inputs,demo-human_decline_bot_rise-884000,human_decline_bot_rise,established_a,64,0.00025,0.1712128364599807,0.2116799999999999,0,0.0,evaluator_only_calendar_and_observed_quotes,
commercial_inputs,demo-human_decline_bot_rise-884000,human_decline_bot_rise,established_a,65,0.00025,0.1698485979980792,0.2131199999999999,0,0.0,evaluator_only_calendar_and_observed_quotes,
commercial_inputs,demo-human_decline_bot_rise-884000,human_decline_bot_rise,established_a,66,0.00025,0.1684952299044247,0.2145599999999999,0,0.0,evaluator_only_calendar_and_observed_quotes,
commercial_inputs,demo-human_decline_bot_rise-884000,human_decline_bot_rise,established_a,67,0.00025,0.1671526455629972,0.216,0,0.0,evaluator_only_calendar_and_observed_quotes,
commercial_inputs,demo-human_decline_bot_rise-884000,human_decline_bot_rise,established_a,68,0.00025,0.1658207590479405,0.21744,0,0.0,evaluator_only_calendar_and_observed_quotes,
commercial_inputs,demo-human_decline_bot_rise-884000,human_decline_bot_rise,established_a,69,0.00025,0.1644994851180634,0.21888,0,0.0,evaluator_only_calendar_and_observed_quotes,
commercial_inputs,demo-human_decline_bot_rise-884000,human_decline_bot_rise,established_a,70,0.00025,0.1532354428761954,0.22032,100,22.032,evaluator_only_calendar_and_observed_quotes,
commercial_inputs,demo-human_decline_bot_rise-884000,human_decline_bot_rise,established_a,71,0.00025,0.1520144498173772,0.2217599999999999,0,0.0,evaluator_only_calendar_and_observed_quotes,
commercial_inputs,demo-human_decline_bot_rise-884000,human_decline_bot_rise,established_a,72,0.00025,0.1508031857352349,0.2231999999999999,0,0.0,evaluator_only_calendar_and_observed_quotes,
commercial_inputs,demo-human_decline_bot_rise-884000,human_decline_bot_rise,established_a,73,0.00025,0.149601573108454,0.2246399999999999,0,0.0,evaluator_only_calendar_and_observed_quotes,
commercial_inputs,demo-human_decline_bot_rise-884000,human_decline_bot_rise,established_a,74,0.00025,0.1484095350334162,0.22608,0,0.0,evaluator_only_calendar_and_observed_quotes,
commercial_inputs,demo-human_decline_bot_rise-884000,human_decline_bot_rise,established_a,75,0.00025,0.1472269952192776,0.22752,0,0.0,evaluator_only_calendar_and_observed_quotes,
commercial_inputs,demo-human_decline_bot_rise-884000,human_decline_bot_rise,established_a,76,0.00025,0.1460538779830868,0.22896,0,0.0,evaluator_only_calendar_and_observed_quotes,
commercial_inputs,demo-human_decline_bot_rise-884000,human_decline_bot_rise,established_a,77,0.00025,0.1505980582392882,0.2304,100,23.04,evaluator_only_calendar_and_observed_quotes,
commercial_inputs,demo-human_decline_bot_rise-884000,human_decline_bot_rise,established_a,78,0.00025,0.1493980800858642,0.23184,0,0.0,evaluator_only_calendar_and_observed_quotes,
commercial_inputs,demo-human_decline_bot_rise-884000,human_decline_bot_rise,established_a,79,0.00025,0.1482076634605604,0.23328,0,0.0,evaluator_only_calendar_and_observed_quotes,
commercial_inputs,demo-human_decline_bot_rise-884000,human_decline_bot_rise,established_a,80,0.00025,0.1470267321763064,0.23472,0,0.0,evaluator_only_calendar_and_observed_quotes,
commercial_inputs,demo-human_decline_bot_rise-884000,human_decline_bot_rise,established_a,81,0.00025,0.1458552106530969,0.23616,0,0.0,evaluator_only_calendar_and_observed_quotes,
commercial_inputs,demo-human_decline_bot_rise-884000,human_decline_bot_rise,established_a,82,0.00025,0.1446930239131546,0.2376,0,0.0,evaluator_only_calendar_and_observed_quotes,
commercial_inputs,demo-human_decline_bot_rise-884000,human_decline_bot_rise,established_a,83,0.00025,0.1435400975761314,0.23904,0,0.0,evaluator_only_calendar_and_observed_quotes,
commercial_inputs,demo-human_decline_bot_rise-884000,human_decline_bot_rise,established_a,84,0.00025,0.1386478277889598,0.24048,100,24.048,evaluator_only_calendar_and_observed_quotes,
commercial_inputs,demo-human_decline_bot_rise-884000,human_decline_bot_rise,established_a,85,0.00025,0.1375430700894809,0.24192,0,0.0,evaluator_only_calendar_and_observed_quotes,
commercial_inputs,demo-human_decline_bot_rise-884000,human_decline_bot_rise,established_a,86,0.00025,0.1364471151934358,0.2433599999999999,0,0.0,evaluator_only_calendar_and_observed_quotes,
commercial_inputs,demo-human_decline_bot_rise-884000,human_decline_bot_rise,established_a,87,0.00025,0.1353598929593371,0.2447999999999999,0,0.0,evaluator_only_calendar_and_observed_quotes,
commercial_inputs,demo-human_decline_bot_rise-884000,human_decline_bot_rise,established_a,88,0.00025,0.1342813338045907,0.2462399999999999,0,0.0,evaluator_only_calendar_and_observed_quotes,
commercial_inputs,demo-human_decline_bot_rise-884000,human_decline_bot_rise,established_a,89,0.00025,0.1332113687010426,0.2476799999999999,0,0.0,evaluator_only_calendar_and_observed_quotes,
commercial_inputs,demo-human_decline_bot_rise-884000,human_decline_bot_rise,established_a,90,0.00025,0.132149929170561,0.2491199999999999,0,0.0,evaluator_only_calendar_and_observed_quotes,
commercial_inputs,demo-human_decline_bot_rise-884000,human_decline_bot_rise,established_a,91,0.00025,0.139778323538102,0.2505599999999999,100,25.056,evaluator_only_calendar_and_observed_quotes,
commercial_inputs,demo-human_decline_bot_rise-884000,human_decline_bot_rise,established_a,92,0.00025,0.1386645579522176,0.252,0,0.0,evaluator_only_calendar_and_observed_quotes,
commercial_inputs,demo-human_decline_bot_rise-884000,human_decline_bot_rise,established_a,93,0.00025,0.1375596669453729,0.25344,0,0.0,evaluator_only_calendar_and_observed_quotes,
commercial_inputs,demo-human_decline_bot_rise-884000,human_decline_bot_rise,established_a,94,0.00025,0.1364635798041666,0.25488,0,0.0,evaluator_only_calendar_and_observed_quotes,
commercial_inputs,demo-human_decline_bot_rise-884000,human_decline_bot_rise,established_a,95,0.00025,0.1353762263786475,0.25632,0,0.0,evaluator_only_calendar_and_observed_quotes,
commercial_inputs,demo-human_decline_bot_rise-884000,human_decline_bot_rise,established_a,96,0.00025,0.134297537077825,0.25776,0,0.0,evaluator_only_calendar_and_observed_quotes,
commercial_inputs,demo-human_decline_bot_rise-884000,human_decline_bot_rise,established_a,97,0.00025,0.1332274428652159,0.2592,0,0.0,evaluator_only_calendar_and_observed_quotes,
commercial_inputs,demo-human_decline_bot_rise-884000,human_decline_bot_rise,established_a,98,0.00025,0.1229772090841431,0.26064,100,26.064,evaluator_only_calendar_and_observed_quotes,
commercial_inputs,demo-human_decline_bot_rise-884000,human_decline_bot_rise,established_a,99,0.00025,0.12199731620906,0.26208,0,0.0,evaluator_only_calendar_and_observed_quotes,
commercial_inputs,demo-human_decline_bot_rise-884000,human_decline_bot_rise,established_a,100,0.00025,0.1210252312038562,0.26352,0,0.0,evaluator_only_calendar_and_observed_quotes,
commercial_inputs,demo-human_decline_bot_rise-884000,human_decline_bot_rise,established_a,101,0.00025,0.1200608918547594,0.26496,0,0.0,evaluator_only_calendar_and_observed_quotes,
commercial_inputs,demo-human_decline_bot_rise-884000,human_decline_bot_rise,established_a,102,0.00025,0.1191042364437222,0.2663999999999999,0,0.0,evaluator_only_calendar_and_observed_quotes,
commercial_inputs,demo-human_decline_bot_rise-884000,human_decline_bot_rise,established_a,103,0.00025,0.1181552037444718,0.2678399999999999,0,0.0,evaluator_only_calendar_and_observed_quotes,
commercial_inputs,demo-human_decline_bot_rise-884000,human_decline_bot_rise,established_a,104,0.00025,0.1172137330185914,0.2692799999999999,0,0.0,evaluator_only_calendar_and_observed_quotes,
commercial_inputs,demo-human_decline_bot_rise-884000,human_decline_bot_rise,established_a,105,0.00025,0.1209253425255405,0.27072,100,27.072,evaluator_only_calendar_and_observed_quotes,
commercial_inputs,demo-human_decline_bot_rise-884000,human_decline_bot_rise,established_a,106,0.00025,0.1199617990979394,0.27216,0,0.0,evaluator_only_calendar_and_observed_quotes,
commercial_inputs,demo-human_decline_bot_rise-884000,human_decline_bot_rise,established_a,107,0.00025,0.1190059332664276,0.2736,0,0.0,evaluator_only_calendar_and_observed_quotes,
commercial_inputs,demo-human_decline_bot_rise-884000,human_decline_bot_rise,established_a,108,0.00025,0.1180576838552656,0.27504,0,0.0,evaluator_only_calendar_and_observed_quotes,
commercial_inputs,demo-human_decline_bot_rise-884000,human_decline_bot_rise,established_a,109,0.00025,0.1171169901761675,0.27648,0,0.0,evaluator_only_calendar_and_observed_quotes,
commercial_inputs,demo-human_decline_bot_rise-884000,human_decline_bot_rise,established_a,110,0.00025,0.1161837920244167,0.27792,0,0.0,evaluator_only_calendar_and_observed_quotes,
commercial_inputs,demo-human_decline_bot_rise-884000,human_decline_bot_rise,established_a,111,0.00025,0.1152580296750129,0.27936,0,0.0,evaluator_only_calendar_and_observed_quotes,
commercial_inputs,demo-human_decline_bot_rise-884000,human_decline_bot_rise,established_a,112,0.00025,0.1165663616883163,0.2808,100,28.08,evaluator_only_calendar_and_observed_quotes,
commercial_inputs,demo-human_decline_bot_rise-884000,human_decline_bot_rise,established_a,113,0.00025,0.1156375509912499,0.28224,0,0.0,evaluator_only_calendar_and_observed_quotes,
commercial_inputs,demo-human_decline_bot_rise-884000,human_decline_bot_rise,established_a,114,0.00025,0.1147161411369178,0.28368,0,0.0,evaluator_only_calendar_and_observed_quotes,
commercial_inputs,demo-human_decline_bot_rise-884000,human_decline_bot_rise,established_a,115,0.00025,0.1138020731547751,0.28512,0,0.0,evaluator_only_calendar_and_observed_quotes,
commercial_inputs,demo-human_decline_bot_rise-884000,human_decline_bot_rise,established_a,116,0.00025,0.1128952885441588,0.28656,0,0.0,evaluator_only_calendar_and_observed_quotes,
commercial_inputs,demo-human_decline_bot_rise-884000,human_decline_bot_rise,established_a,117,0.00025,0.1119957292705443,0.288,0,0.0,evaluator_only_calendar_and_observed_quotes,
commercial_inputs,demo-human_decline_bot_rise-884000,human_decline_bot_rise,established_a,118,0.00025,0.1111033377618311,0.28944,0,0.0,evaluator_only_calendar_and_observed_quotes,
commercial_inputs,demo-human_decline_bot_rise-884000,human_decline_bot_rise,established_a,119,0.00025,0.1024452701938895,0.29088,100,29.088,evaluator_only_calendar_and_observed_quotes,
commercial_inputs,demo-human_decline_bot_rise-884000,human_decline_bot_rise,established_a,120,0.00025,0.1016289775564443,0.29232,0,0.0,evaluator_only_calendar_and_observed_quotes,
commercial_inputs,demo-human_decline_bot_rise-884000,human_decline_bot_rise,established_a,121,0.00025,0.1008191892082521,0.29376,0,0.0,evaluator_only_calendar_and_observed_quotes,
commercial_inputs,demo-human_decline_bot_rise-884000,human_decline_bot_rise,established_a,122,0.00025,0.1000158533225822,0.2952,0,0.0,evaluator_only_calendar_and_observed_quotes,
commercial_inputs,demo-human_decline_bot_rise-884000,human_decline_bot_rise,established_a,123,0.00025,0.0992189184856638,0.29664,0,0.0,evaluator_only_calendar_and_observed_quotes,
commercial_inputs,demo-human_decline_bot_rise-884000,human_decline_bot_rise,established_a,124,0.00025,0.0984283336933953,0.29808,0,0.0,evaluator_only_calendar_and_observed_quotes,
commercial_inputs,demo-human_decline_bot_rise-884000,human_decline_bot_rise,established_a,125,0.00025,0.0976440483480802,0.29952,0,0.0,evaluator_only_calendar_and_observed_quotes,
commercial_inputs,demo-human_decline_bot_rise-884000,human_decline_bot_rise,established_a,126,0.00025,0.1028036230784448,0.30096,100,30.096000000000004,evaluator_only_calendar_and_observed_quotes,
actual_purchase_costs,demo-human_decline_bot_rise-884000,human_decline_bot_rise,established_a,0,0.00025,0.2004842304479644,0.18,100,18.0,evaluator_only_calendar_and_observed_quotes,0.18
actual_purchase_costs,demo-human_decline_bot_rise-884000,human_decline_bot_rise,established_a,7,0.00025,0.2024660646749342,0.18,100,18.0,evaluator_only_calendar_and_observed_quotes,0.18
actual_purchase_costs,demo-human_decline_bot_rise-884000,human_decline_bot_rise,established_a,14,0.00025,0.1938533855804287,0.18,100,18.0,evaluator_only_calendar_and_observed_quotes,0.18
actual_purchase_costs,demo-human_decline_bot_rise-884000,human_decline_bot_rise,established_a,21,0.00025,0.2009875964996612,0.18,100,18.0,evaluator_only_calendar_and_observed_quotes,0.18
actual_purchase_costs,demo-human_decline_bot_rise-884000,human_decline_bot_rise,established_a,28,0.00025,0.2052157043419529,0.18,100,18.0,evaluator_only_calendar_and_observed_quotes,0.18
actual_purchase_costs,demo-human_decline_bot_rise-884000,human_decline_bot_rise,established_a,35,0.00025,0.2024701714090525,0.18,100,18.0,evaluator_only_calendar_and_observed_quotes,0.18
actual_purchase_costs,demo-human_decline_bot_rise-884000,human_decline_bot_rise,established_a,42,0.00025,0.1946930813566472,0.18,100,18.0,evaluator_only_calendar_and_observed_quotes,0.18
actual_purchase_costs,demo-human_decline_bot_rise-884000,human_decline_bot_rise,established_a,49,0.00025,0.1938104841670482,0.19008,100,19.008000000000003,evaluator_only_calendar_and_observed_quotes,0.19008000000000003
actual_purchase_costs,demo-human_decline_bot_rise-884000,human_decline_bot_rise,established_a,56,0.00025,0.1851005482211327,0.20016,100,20.016,evaluator_only_calendar_and_observed_quotes,0.20015999999999998
actual_purchase_costs,demo-human_decline_bot_rise-884000,human_decline_bot_rise,established_a,63,0.00025,0.1725880326018565,0.2102399999999999,100,21.024,evaluator_only_calendar_and_observed_quotes,0.21024
actual_purchase_costs,demo-human_decline_bot_rise-884000,human_decline_bot_rise,established_a,70,0.00025,0.1532354428761954,0.22032,100,22.032,evaluator_only_calendar_and_observed_quotes,0.22032
actual_purchase_costs,demo-human_decline_bot_rise-884000,human_decline_bot_rise,established_a,77,0.00025,0.1505980582392882,0.2304,100,23.04,evaluator_only_calendar_and_observed_quotes,0.2304
actual_purchase_costs,demo-human_decline_bot_rise-884000,human_decline_bot_rise,established_a,84,0.00025,0.1386478277889598,0.24048,100,24.048,evaluator_only_calendar_and_observed_quotes,0.24047999999999997
actual_purchase_costs,demo-human_decline_bot_rise-884000,human_decline_bot_rise,established_a,91,0.00025,0.139778323538102,0.2505599999999999,100,25.056,evaluator_only_calendar_and_observed_quotes,0.25056
actual_purchase_costs,demo-human_decline_bot_rise-884000,human_decline_bot_rise,established_a,98,0.00025,0.1229772090841431,0.26064,100,26.064,evaluator_only_calendar_and_observed_quotes,0.26064
actual_purchase_costs,demo-human_decline_bot_rise-884000,human_decline_bot_rise,established_a,105,0.00025,0.1209253425255405,0.27072,100,27.072,evaluator_only_calendar_and_observed_quotes,0.27072
actual_purchase_costs,demo-human_decline_bot_rise-884000,human_decline_bot_rise,established_a,112,0.00025,0.1165663616883163,0.2808,100,28.08,evaluator_only_calendar_and_observed_quotes,0.2808
actual_purchase_costs,demo-human_decline_bot_rise-884000,human_decline_bot_rise,established_a,119,0.00025,0.1024452701938895,0.29088,100,29.088,evaluator_only_calendar_and_observed_quotes,0.29088
actual_purchase_costs,demo-human_decline_bot_rise-884000,human_decline_bot_rise,established_a,126,0.00025,0.1028036230784448,0.30096,100,30.096000000000004,evaluator_only_calendar_and_observed_quotes,0.30096000000000006
fixed_price_reference,demo-fixed_price-884000,fixed_price,established_a,0,0.00025,0.2004842304479644,0.18,100,18.0,evaluator_only_calendar_and_observed_quotes,
fixed_price_reference,demo-fixed_price-884000,fixed_price,established_a,1,0.00025,0.2004842304479644,0.18,0,0.0,evaluator_only_calendar_and_observed_quotes,
fixed_price_reference,demo-fixed_price-884000,fixed_price,established_a,2,0.00025,0.2004842304479644,0.18,0,0.0,evaluator_only_calendar_and_observed_quotes,
fixed_price_reference,demo-fixed_price-884000,fixed_price,established_a,3,0.00025,0.2004842304479644,0.18,0,0.0,evaluator_only_calendar_and_observed_quotes,
fixed_price_reference,demo-fixed_price-884000,fixed_price,established_a,4,0.00025,0.2004842304479644,0.18,0,0.0,evaluator_only_calendar_and_observed_quotes,
fixed_price_reference,demo-fixed_price-884000,fixed_price,established_a,5,0.00025,0.2004842304479644,0.18,0,0.0,evaluator_only_calendar_and_observed_quotes,
fixed_price_reference,demo-fixed_price-884000,fixed_price,established_a,6,0.00025,0.2004842304479644,0.18,0,0.0,evaluator_only_calendar_and_observed_quotes,
fixed_price_reference,demo-fixed_price-884000,fixed_price,established_a,7,0.00025,0.2024660646749342,0.18,100,18.0,evaluator_only_calendar_and_observed_quotes,
fixed_price_reference,demo-fixed_price-884000,fixed_price,established_a,8,0.00025,0.2024660646749342,0.18,0,0.0,evaluator_only_calendar_and_observed_quotes,
fixed_price_reference,demo-fixed_price-884000,fixed_price,established_a,9,0.00025,0.2024660646749342,0.18,0,0.0,evaluator_only_calendar_and_observed_quotes,
fixed_price_reference,demo-fixed_price-884000,fixed_price,established_a,10,0.00025,0.2024660646749342,0.18,0,0.0,evaluator_only_calendar_and_observed_quotes,
fixed_price_reference,demo-fixed_price-884000,fixed_price,established_a,11,0.00025,0.2024660646749342,0.18,0,0.0,evaluator_only_calendar_and_observed_quotes,
fixed_price_reference,demo-fixed_price-884000,fixed_price,established_a,12,0.00025,0.2024660646749342,0.18,0,0.0,evaluator_only_calendar_and_observed_quotes,
fixed_price_reference,demo-fixed_price-884000,fixed_price,established_a,13,0.00025,0.2024660646749342,0.18,0,0.0,evaluator_only_calendar_and_observed_quotes,
fixed_price_reference,demo-fixed_price-884000,fixed_price,established_a,14,0.00025,0.1938533855804287,0.18,100,18.0,evaluator_only_calendar_and_observed_quotes,
fixed_price_reference,demo-fixed_price-884000,fixed_price,established_a,15,0.00025,0.1938533855804287,0.18,0,0.0,evaluator_only_calendar_and_observed_quotes,
fixed_price_reference,demo-fixed_price-884000,fixed_price,established_a,16,0.00025,0.1938533855804287,0.18,0,0.0,evaluator_only_calendar_and_observed_quotes,
fixed_price_reference,demo-fixed_price-884000,fixed_price,established_a,17,0.00025,0.1938533855804287,0.18,0,0.0,evaluator_only_calendar_and_observed_quotes,
fixed_price_reference,demo-fixed_price-884000,fixed_price,established_a,18,0.00025,0.1938533855804287,0.18,0,0.0,evaluator_only_calendar_and_observed_quotes,
fixed_price_reference,demo-fixed_price-884000,fixed_price,established_a,19,0.00025,0.1938533855804287,0.18,0,0.0,evaluator_only_calendar_and_observed_quotes,
fixed_price_reference,demo-fixed_price-884000,fixed_price,established_a,20,0.00025,0.1938533855804287,0.18,0,0.0,evaluator_only_calendar_and_observed_quotes,
fixed_price_reference,demo-fixed_price-884000,fixed_price,established_a,21,0.00025,0.2009875964996612,0.18,100,18.0,evaluator_only_calendar_and_observed_quotes,
fixed_price_reference,demo-fixed_price-884000,fixed_price,established_a,22,0.00025,0.2009875964996612,0.18,0,0.0,evaluator_only_calendar_and_observed_quotes,
fixed_price_reference,demo-fixed_price-884000,fixed_price,established_a,23,0.00025,0.2009875964996612,0.18,0,0.0,evaluator_only_calendar_and_observed_quotes,
fixed_price_reference,demo-fixed_price-884000,fixed_price,established_a,24,0.00025,0.2009875964996612,0.18,0,0.0,evaluator_only_calendar_and_observed_quotes,
fixed_price_reference,demo-fixed_price-884000,fixed_price,established_a,25,0.00025,0.2009875964996612,0.18,0,0.0,evaluator_only_calendar_and_observed_quotes,
fixed_price_reference,demo-fixed_price-884000,fixed_price,established_a,26,0.00025,0.2009875964996612,0.18,0,0.0,evaluator_only_calendar_and_observed_quotes,
fixed_price_reference,demo-fixed_price-884000,fixed_price,established_a,27,0.00025,0.2009875964996612,0.18,0,0.0,evaluator_only_calendar_and_observed_quotes,
fixed_price_reference,demo-fixed_price-884000,fixed_price,established_a,28,0.00025,0.2052157043419529,0.18,100,18.0,evaluator_only_calendar_and_observed_quotes,
fixed_price_reference,demo-fixed_price-884000,fixed_price,established_a,29,0.00025,0.2052157043419529,0.18,0,0.0,evaluator_only_calendar_and_observed_quotes,
fixed_price_reference,demo-fixed_price-884000,fixed_price,established_a,30,0.00025,0.2052157043419529,0.18,0,0.0,evaluator_only_calendar_and_observed_quotes,
fixed_price_reference,demo-fixed_price-884000,fixed_price,established_a,31,0.00025,0.2052157043419529,0.18,0,0.0,evaluator_only_calendar_and_observed_quotes,
fixed_price_reference,demo-fixed_price-884000,fixed_price,established_a,32,0.00025,0.2052157043419529,0.18,0,0.0,evaluator_only_calendar_and_observed_quotes,
fixed_price_reference,demo-fixed_price-884000,fixed_price,established_a,33,0.00025,0.2052157043419529,0.18,0,0.0,evaluator_only_calendar_and_observed_quotes,
fixed_price_reference,demo-fixed_price-884000,fixed_price,established_a,34,0.00025,0.2052157043419529,0.18,0,0.0,evaluator_only_calendar_and_observed_quotes,
fixed_price_reference,demo-fixed_price-884000,fixed_price,established_a,35,0.00025,0.2024701714090525,0.18,100,18.0,evaluator_only_calendar_and_observed_quotes,
fixed_price_reference,demo-fixed_price-884000,fixed_price,established_a,36,0.00025,0.2024701714090525,0.18,0,0.0,evaluator_only_calendar_and_observed_quotes,
fixed_price_reference,demo-fixed_price-884000,fixed_price,established_a,37,0.00025,0.2024701714090525,0.18,0,0.0,evaluator_only_calendar_and_observed_quotes,
fixed_price_reference,demo-fixed_price-884000,fixed_price,established_a,38,0.00025,0.2024701714090525,0.18,0,0.0,evaluator_only_calendar_and_observed_quotes,
fixed_price_reference,demo-fixed_price-884000,fixed_price,established_a,39,0.00025,0.2024701714090525,0.18,0,0.0,evaluator_only_calendar_and_observed_quotes,
fixed_price_reference,demo-fixed_price-884000,fixed_price,established_a,40,0.00025,0.2024701714090525,0.18,0,0.0,evaluator_only_calendar_and_observed_quotes,
fixed_price_reference,demo-fixed_price-884000,fixed_price,established_a,41,0.00025,0.2024701714090525,0.18,0,0.0,evaluator_only_calendar_and_observed_quotes,
fixed_price_reference,demo-fixed_price-884000,fixed_price,established_a,42,0.00025,0.1946930813566472,0.18,100,18.0,evaluator_only_calendar_and_observed_quotes,
fixed_price_reference,demo-fixed_price-884000,fixed_price,established_a,43,0.00025,0.1946930813566472,0.18,0,0.0,evaluator_only_calendar_and_observed_quotes,
fixed_price_reference,demo-fixed_price-884000,fixed_price,established_a,44,0.00025,0.1946930813566472,0.18,0,0.0,evaluator_only_calendar_and_observed_quotes,
fixed_price_reference,demo-fixed_price-884000,fixed_price,established_a,45,0.00025,0.1946930813566472,0.18,0,0.0,evaluator_only_calendar_and_observed_quotes,
fixed_price_reference,demo-fixed_price-884000,fixed_price,established_a,46,0.00025,0.1946930813566472,0.18,0,0.0,evaluator_only_calendar_and_observed_quotes,
fixed_price_reference,demo-fixed_price-884000,fixed_price,established_a,47,0.00025,0.1946930813566472,0.18,0,0.0,evaluator_only_calendar_and_observed_quotes,
fixed_price_reference,demo-fixed_price-884000,fixed_price,established_a,48,0.00025,0.1946930813566472,0.18,0,0.0,evaluator_only_calendar_and_observed_quotes,
fixed_price_reference,demo-fixed_price-884000,fixed_price,established_a,49,0.00025,0.2049735191389413,0.18,100,18.0,evaluator_only_calendar_and_observed_quotes,
fixed_price_reference,demo-fixed_price-884000,fixed_price,established_a,50,0.00025,0.2049735191389413,0.18,0,0.0,evaluator_only_calendar_and_observed_quotes,
fixed_price_reference,demo-fixed_price-884000,fixed_price,established_a,51,0.00025,0.2049735191389413,0.18,0,0.0,evaluator_only_calendar_and_observed_quotes,
fixed_price_reference,demo-fixed_price-884000,fixed_price,established_a,52,0.00025,0.2049735191389413,0.18,0,0.0,evaluator_only_calendar_and_observed_quotes,
fixed_price_reference,demo-fixed_price-884000,fixed_price,established_a,53,0.00025,0.2049735191389413,0.18,0,0.0,evaluator_only_calendar_and_observed_quotes,
fixed_price_reference,demo-fixed_price-884000,fixed_price,established_a,54,0.00025,0.2049735191389413,0.18,0,0.0,evaluator_only_calendar_and_observed_quotes,
fixed_price_reference,demo-fixed_price-884000,fixed_price,established_a,55,0.00025,0.2049735191389413,0.18,0,0.0,evaluator_only_calendar_and_observed_quotes,
fixed_price_reference,demo-fixed_price-884000,fixed_price,established_a,56,0.00025,0.2070373436977853,0.18,100,18.0,evaluator_only_calendar_and_observed_quotes,
fixed_price_reference,demo-fixed_price-884000,fixed_price,established_a,57,0.00025,0.2070373436977853,0.18,0,0.0,evaluator_only_calendar_and_observed_quotes,
fixed_price_reference,demo-fixed_price-884000,fixed_price,established_a,58,0.00025,0.2070373436977853,0.18,0,0.0,evaluator_only_calendar_and_observed_quotes,
fixed_price_reference,demo-fixed_price-884000,fixed_price,established_a,59,0.00025,0.2070373436977853,0.18,0,0.0,evaluator_only_calendar_and_observed_quotes,
fixed_price_reference,demo-fixed_price-884000,fixed_price,established_a,60,0.00025,0.2070373436977853,0.18,0,0.0,evaluator_only_calendar_and_observed_quotes,
fixed_price_reference,demo-fixed_price-884000,fixed_price,established_a,61,0.00025,0.2070373436977853,0.18,0,0.0,evaluator_only_calendar_and_observed_quotes,
fixed_price_reference,demo-fixed_price-884000,fixed_price,established_a,62,0.00025,0.2070373436977853,0.18,0,0.0,evaluator_only_calendar_and_observed_quotes,
fixed_price_reference,demo-fixed_price-884000,fixed_price,established_a,63,0.00025,0.204160702324414,0.18,100,18.0,evaluator_only_calendar_and_observed_quotes,
fixed_price_reference,demo-fixed_price-884000,fixed_price,established_a,64,0.00025,0.204160702324414,0.18,0,0.0,evaluator_only_calendar_and_observed_quotes,
fixed_price_reference,demo-fixed_price-884000,fixed_price,established_a,65,0.00025,0.204160702324414,0.18,0,0.0,evaluator_only_calendar_and_observed_quotes,
fixed_price_reference,demo-fixed_price-884000,fixed_price,established_a,66,0.00025,0.204160702324414,0.18,0,0.0,evaluator_only_calendar_and_observed_quotes,
fixed_price_reference,demo-fixed_price-884000,fixed_price,established_a,67,0.00025,0.204160702324414,0.18,0,0.0,evaluator_only_calendar_and_observed_quotes,
fixed_price_reference,demo-fixed_price-884000,fixed_price,established_a,68,0.00025,0.204160702324414,0.18,0,0.0,evaluator_only_calendar_and_observed_quotes,
fixed_price_reference,demo-fixed_price-884000,fixed_price,established_a,69,0.00025,0.204160702324414,0.18,0,0.0,evaluator_only_calendar_and_observed_quotes,
fixed_price_reference,demo-fixed_price-884000,fixed_price,established_a,70,0.00025,0.1917084217316784,0.18,100,18.0,evaluator_only_calendar_and_observed_quotes,
fixed_price_reference,demo-fixed_price-884000,fixed_price,established_a,71,0.00025,0.1917084217316784,0.18,0,0.0,evaluator_only_calendar_and_observed_quotes,
fixed_price_reference,demo-fixed_price-884000,fixed_price,established_a,72,0.00025,0.1917084217316784,0.18,0,0.0,evaluator_only_calendar_and_observed_quotes,
fixed_price_reference,demo-fixed_price-884000,fixed_price,established_a,73,0.00025,0.1917084217316784,0.18,0,0.0,evaluator_only_calendar_and_observed_quotes,
fixed_price_reference,demo-fixed_price-884000,fixed_price,established_a,74,0.00025,0.1917084217316784,0.18,0,0.0,evaluator_only_calendar_and_observed_quotes,
fixed_price_reference,demo-fixed_price-884000,fixed_price,established_a,75,0.00025,0.1917084217316784,0.18,0,0.0,evaluator_only_calendar_and_observed_quotes,
fixed_price_reference,demo-fixed_price-884000,fixed_price,established_a,76,0.00025,0.1917084217316784,0.18,0,0.0,evaluator_only_calendar_and_observed_quotes,
fixed_price_reference,demo-fixed_price-884000,fixed_price,established_a,77,0.00025,0.1992607805365318,0.18,100,18.0,evaluator_only_calendar_and_observed_quotes,
fixed_price_reference,demo-fixed_price-884000,fixed_price,established_a,78,0.00025,0.1992607805365318,0.18,0,0.0,evaluator_only_calendar_and_observed_quotes,
fixed_price_reference,demo-fixed_price-884000,fixed_price,established_a,79,0.00025,0.1992607805365318,0.18,0,0.0,evaluator_only_calendar_and_observed_quotes,
fixed_price_reference,demo-fixed_price-884000,fixed_price,established_a,80,0.00025,0.1992607805365318,0.18,0,0.0,evaluator_only_calendar_and_observed_quotes,
fixed_price_reference,demo-fixed_price-884000,fixed_price,established_a,81,0.00025,0.1992607805365318,0.18,0,0.0,evaluator_only_calendar_and_observed_quotes,
fixed_price_reference,demo-fixed_price-884000,fixed_price,established_a,82,0.00025,0.1992607805365318,0.18,0,0.0,evaluator_only_calendar_and_observed_quotes,
fixed_price_reference,demo-fixed_price-884000,fixed_price,established_a,83,0.00025,0.1992607805365318,0.18,0,0.0,evaluator_only_calendar_and_observed_quotes,
fixed_price_reference,demo-fixed_price-884000,fixed_price,established_a,84,0.00025,0.1940153161303569,0.18,100,18.0,evaluator_only_calendar_and_observed_quotes,
fixed_price_reference,demo-fixed_price-884000,fixed_price,established_a,85,0.00025,0.1940153161303569,0.18,0,0.0,evaluator_only_calendar_and_observed_quotes,
fixed_price_reference,demo-fixed_price-884000,fixed_price,established_a,86,0.00025,0.1940153161303569,0.18,0,0.0,evaluator_only_calendar_and_observed_quotes,
fixed_price_reference,demo-fixed_price-884000,fixed_price,established_a,87,0.00025,0.1940153161303569,0.18,0,0.0,evaluator_only_calendar_and_observed_quotes,
fixed_price_reference,demo-fixed_price-884000,fixed_price,established_a,88,0.00025,0.1940153161303569,0.18,0,0.0,evaluator_only_calendar_and_observed_quotes,
fixed_price_reference,demo-fixed_price-884000,fixed_price,established_a,89,0.00025,0.1940153161303569,0.18,0,0.0,evaluator_only_calendar_and_observed_quotes,
fixed_price_reference,demo-fixed_price-884000,fixed_price,established_a,90,0.00025,0.1940153161303569,0.18,0,0.0,evaluator_only_calendar_and_observed_quotes,
fixed_price_reference,demo-fixed_price-884000,fixed_price,established_a,91,0.00025,0.2068632122406274,0.18,100,18.0,evaluator_only_calendar_and_observed_quotes,
fixed_price_reference,demo-fixed_price-884000,fixed_price,established_a,92,0.00025,0.2068632122406274,0.18,0,0.0,evaluator_only_calendar_and_observed_quotes,
fixed_price_reference,demo-fixed_price-884000,fixed_price,established_a,93,0.00025,0.2068632122406274,0.18,0,0.0,evaluator_only_calendar_and_observed_quotes,
fixed_price_reference,demo-fixed_price-884000,fixed_price,established_a,94,0.00025,0.2068632122406274,0.18,0,0.0,evaluator_only_calendar_and_observed_quotes,
fixed_price_reference,demo-fixed_price-884000,fixed_price,established_a,95,0.00025,0.2068632122406274,0.18,0,0.0,evaluator_only_calendar_and_observed_quotes,
fixed_price_reference,demo-fixed_price-884000,fixed_price,established_a,96,0.00025,0.2068632122406274,0.18,0,0.0,evaluator_only_calendar_and_observed_quotes,
fixed_price_reference,demo-fixed_price-884000,fixed_price,established_a,97,0.00025,0.2068632122406274,0.18,0,0.0,evaluator_only_calendar_and_observed_quotes,
fixed_price_reference,demo-fixed_price-884000,fixed_price,established_a,98,0.00025,0.1924813077094295,0.18,100,18.0,evaluator_only_calendar_and_observed_quotes,
fixed_price_reference,demo-fixed_price-884000,fixed_price,established_a,99,0.00025,0.1924813077094295,0.18,0,0.0,evaluator_only_calendar_and_observed_quotes,
fixed_price_reference,demo-fixed_price-884000,fixed_price,established_a,100,0.00025,0.1924813077094295,0.18,0,0.0,evaluator_only_calendar_and_observed_quotes,
fixed_price_reference,demo-fixed_price-884000,fixed_price,established_a,101,0.00025,0.1924813077094295,0.18,0,0.0,evaluator_only_calendar_and_observed_quotes,
fixed_price_reference,demo-fixed_price-884000,fixed_price,established_a,102,0.00025,0.1924813077094295,0.18,0,0.0,evaluator_only_calendar_and_observed_quotes,
fixed_price_reference,demo-fixed_price-884000,fixed_price,established_a,103,0.00025,0.1924813077094295,0.18,0,0.0,evaluator_only_calendar_and_observed_quotes,
fixed_price_reference,demo-fixed_price-884000,fixed_price,established_a,104,0.00025,0.1924813077094295,0.18,0,0.0,evaluator_only_calendar_and_observed_quotes,
fixed_price_reference,demo-fixed_price-884000,fixed_price,established_a,105,0.00025,0.2001712702323518,0.18,100,18.0,evaluator_only_calendar_and_observed_quotes,
fixed_price_reference,demo-fixed_price-884000,fixed_price,established_a,106,0.00025,0.2001712702323518,0.18,0,0.0,evaluator_only_calendar_and_observed_quotes,
fixed_price_reference,demo-fixed_price-884000,fixed_price,established_a,107,0.00025,0.2001712702323518,0.18,0,0.0,evaluator_only_calendar_and_observed_quotes,
fixed_price_reference,demo-fixed_price-884000,fixed_price,established_a,108,0.00025,0.2001712702323518,0.18,0,0.0,evaluator_only_calendar_and_observed_quotes,
fixed_price_reference,demo-fixed_price-884000,fixed_price,established_a,109,0.00025,0.2001712702323518,0.18,0,0.0,evaluator_only_calendar_and_observed_quotes,
fixed_price_reference,demo-fixed_price-884000,fixed_price,established_a,110,0.00025,0.2001712702323518,0.18,0,0.0,evaluator_only_calendar_and_observed_quotes,
fixed_price_reference,demo-fixed_price-884000,fixed_price,established_a,111,0.00025,0.2001712702323518,0.18,0,0.0,evaluator_only_calendar_and_observed_quotes,
fixed_price_reference,demo-fixed_price-884000,fixed_price,established_a,112,0.00025,0.2040695238673044,0.18,100,18.0,evaluator_only_calendar_and_observed_quotes,
fixed_price_reference,demo-fixed_price-884000,fixed_price,established_a,113,0.00025,0.2040695238673044,0.18,0,0.0,evaluator_only_calendar_and_observed_quotes,
fixed_price_reference,demo-fixed_price-884000,fixed_price,established_a,114,0.00025,0.2040695238673044,0.18,0,0.0,evaluator_only_calendar_and_observed_quotes,
fixed_price_reference,demo-fixed_price-884000,fixed_price,established_a,115,0.00025,0.2040695238673044,0.18,0,0.0,evaluator_only_calendar_and_observed_quotes,
fixed_price_reference,demo-fixed_price-884000,fixed_price,established_a,116,0.00025,0.2040695238673044,0.18,0,0.0,evaluator_only_calendar_and_observed_quotes,
fixed_price_reference,demo-fixed_price-884000,fixed_price,established_a,117,0.00025,0.2040695238673044,0.18,0,0.0,evaluator_only_calendar_and_observed_quotes,
fixed_price_reference,demo-fixed_price-884000,fixed_price,established_a,118,0.00025,0.2040695238673044,0.18,0,0.0,evaluator_only_calendar_and_observed_quotes,
fixed_price_reference,demo-fixed_price-884000,fixed_price,established_a,119,0.00025,0.1896781534536459,0.18,100,18.0,evaluator_only_calendar_and_observed_quotes,
fixed_price_reference,demo-fixed_price-884000,fixed_price,established_a,120,0.00025,0.1896781534536459,0.18,0,0.0,evaluator_only_calendar_and_observed_quotes,
fixed_price_reference,demo-fixed_price-884000,fixed_price,established_a,121,0.00025,0.1896781534536459,0.18,0,0.0,evaluator_only_calendar_and_observed_quotes,
fixed_price_reference,demo-fixed_price-884000,fixed_price,established_a,122,0.00025,0.1896781534536459,0.18,0,0.0,evaluator_only_calendar_and_observed_quotes,
fixed_price_reference,demo-fixed_price-884000,fixed_price,established_a,123,0.00025,0.1896781534536459,0.18,0,0.0,evaluator_only_calendar_and_observed_quotes,
fixed_price_reference,demo-fixed_price-884000,fixed_price,established_a,124,0.00025,0.1896781534536459,0.18,0,0.0,evaluator_only_calendar_and_observed_quotes,
fixed_price_reference,demo-fixed_price-884000,fixed_price,established_a,125,0.00025,0.1896781534536459,0.18,0,0.0,evaluator_only_calendar_and_observed_quotes,
fixed_price_reference,demo-fixed_price-884000,fixed_price,established_a,126,0.00025,0.2013048843436781,0.18,100,18.0,evaluator_only_calendar_and_observed_quotes,
