origin_age,metric,mean,lower95,upper95,worlds,forecasts
3,absolute_error_per_lead,0.2023226157381122,0.13091718934832788,0.2742482037272322,12,36
3,crps_per_lead,0.16260242742308467,0.09844915409320433,0.230084523116335,12,36
3,brier,0.09000222222222222,0.025876611111111104,0.1639950555555555,12,36
3,payback_brier,0.07742577777777776,0.016558788888888884,0.1479196444444444,12,36
3,coverage80,0.4444444444444445,0.27777777777777773,0.6111111111111112,12,36
3,coverage95,0.6388888888888888,0.4444444444444445,0.8055555555555557,12,36
3,width80,24.48430361574835,18.50716078115372,31.088386067509344,12,36
3,width95,38.141820595270936,28.69065568989091,48.176095500048454,12,36
7,absolute_error_per_lead,0.19185170769952345,0.1201257135869061,0.26754696983842113,12,36
7,crps_per_lead,0.16211526459143114,0.09708127064659718,0.234259670105608,12,36
7,brier,0.08513644444444442,0.008153211111111097,0.16799028888888887,12,36
7,payback_brier,0.07641733333333332,0.007285733333333312,0.1552524888888887,12,36
7,coverage80,0.38888888888888884,0.19444444444444442,0.5833333333333334,12,36
7,coverage95,0.5833333333333334,0.38888888888888884,0.7777777777777778,12,36
7,width80,18.741698919801923,14.972705888072042,22.799539361440722,12,36
7,width95,28.920562432426106,23.25275285442399,35.28832568197188,12,36
14,absolute_error_per_lead,0.13917660478034174,0.08232689935384942,0.19934186539288337,12,36
14,crps_per_lead,0.1163552009320027,0.0653601200101365,0.17062462286361035,12,36
14,brier,0.05359377777777777,0.006973099999999987,0.11811644444444419,12,36
14,payback_brier,0.050965777777777777,0.005651899999999988,0.11670147777777776,12,36
14,coverage80,0.3888888888888889,0.19444444444444442,0.611111111111111,12,36
14,coverage95,0.5277777777777778,0.3055555555555556,0.7222222222222223,12,36
14,width80,15.633218144795046,12.35106342532613,19.854110987780214,12,36
14,width95,23.80646479962232,18.604556773325093,29.95187513780965,12,36
30,absolute_error_per_lead,0.09661916844008885,0.0520053073491876,0.14725244024899994,12,36
30,crps_per_lead,0.08073782749991244,0.035306625575004566,0.1298509747184919,12,36
30,brier,0.02717733333333333,8.888888888888905e-07,0.07939733333333333,12,36
30,payback_brier,0.026443111111111108,8.888888888888905e-07,0.07792888888888888,12,36
30,coverage80,0.47222222222222215,0.27777777777777773,0.6666666666666666,12,36
30,coverage95,0.611111111111111,0.38888888888888884,0.8333333333333331,12,36
30,width80,9.79152490072984,8.19551073208336,12.23767693098833,12,36
30,width95,15.073419958917293,12.552094468948889,18.15018130216843,12,36
60,absolute_error_per_lead,0.07137115250741426,0.024520513829643886,0.1254656183760486,12,36
60,crps_per_lead,0.06479089276722826,0.019467394459472962,0.11631495391570816,12,36
60,brier,0.016786666666666665,0.0,0.04821466666666666,12,36
60,payback_brier,0.016786666666666665,0.0,0.04821466666666666,12,36
60,coverage80,0.4166666666666666,0.22222222222222224,0.611111111111111,12,36
60,coverage95,0.611111111111111,0.3888888888888889,0.8055555555555555,12,36
60,width80,5.608775212065481,5.125395484358612,6.131796658335721,12,36
60,width95,8.767782669227676,7.800664877561307,9.917634953367253,12,36
