scenario,origin_age,horizon,absolute_error_per_lead,crps_per_lead,brier,payback_brier,coverage80,coverage95,width80,width95
calendar_attribution_shock,3,30,0.024683343945379924,0.016018158417503765,0.001295999999999989,0.001295999999999989,0.7777777777777778,1.0,7.988082716979218,12.40526868991782
calendar_attribution_shock,3,90,0.1021745341244268,0.07160006601432145,0.032579555555555556,0.03306133333333333,0.5555555555555556,0.6666666666666666,17.308173441372833,28.002146623796403
calendar_attribution_shock,3,180,0.15379018735488117,0.10786539400627519,0.00970133333333332,0.008904888888888877,0.4444444444444444,0.6666666666666666,25.421057039257846,41.619087192935936
calendar_attribution_shock,3,425,0.2331888709778981,0.16461724789612442,0.036707555555555556,0.01299733333333332,0.6666666666666666,0.8888888888888888,35.10177141478561,56.1647395258779
calendar_attribution_shock,7,30,0.02250361203447519,0.015715210453174422,0.004807111111111111,0.004807111111111111,0.6666666666666666,0.8888888888888888,5.937507879390371,8.85887455290213
calendar_attribution_shock,7,90,0.10591250803278997,0.0820993627971957,0.030977777777777778,0.03192355555555556,0.4444444444444444,0.4444444444444444,12.9058136808405,19.814941599869165
calendar_attribution_shock,7,180,0.1690362576869462,0.13079940882631,0.009651555555555556,0.008095999999999989,0.4444444444444444,0.5555555555555556,18.834915094671267,29.626015995788926
calendar_attribution_shock,7,425,0.253849348179006,0.19724097241824415,0.03888888888888888,0.016570666666666654,0.3333333333333333,0.7777777777777778,27.883501989505746,41.479254715962576
calendar_attribution_shock,14,30,0.009774357812674835,0.0065055935973284225,0.00017777777777777779,0.0002151111111111,1.0,1.0,4.133584636902789,6.256494906184494
calendar_attribution_shock,14,90,0.08653401579426455,0.06819053554354035,0.018860444444444433,0.019228444444444444,0.4444444444444444,0.7777777777777778,9.659265909415824,16.116507920165233
calendar_attribution_shock,14,180,0.13929321131249997,0.11093927201182852,0.013148444444444433,0.007743999999999999,0.4444444444444444,0.5555555555555556,14.40250376178668,25.99031546561177
calendar_attribution_shock,14,425,0.20009205755552192,0.15977367269340445,0.04665777777777778,0.006835555555555544,0.4444444444444444,0.4444444444444444,20.876073692627337,38.07882529791436
calendar_attribution_shock,30,90,0.04566392177938171,0.03508879722848281,0.01997511111111111,0.02073599999999999,0.6666666666666666,0.6666666666666666,7.155303508970641,10.639846625788728
calendar_attribution_shock,30,180,0.05496369447316634,0.03236425678132749,0.007743999999999999,0.0048071111111111,0.6666666666666666,0.7777777777777778,12.347105546183762,16.995094419770687
calendar_attribution_shock,30,425,0.06945570919246316,0.04026715487247228,0.049580444444444434,0.0048071111111111,0.5555555555555556,0.6666666666666666,16.255281360555824,22.00566109636566
calendar_attribution_shock,60,90,0.044246199636171796,0.0371836506660715,0.10154844444444444,0.10325511111111112,0.0,0.0,3.2290267134183313,4.811190750660651
calendar_attribution_shock,60,180,0.018301093544228667,0.015372975796393788,0.0,0.0,0.3333333333333333,0.7777777777777778,4.902171957418924,7.410936820774741
calendar_attribution_shock,60,425,0.028429854187922137,0.020499180543451442,0.0015999999999999999,0.0,0.4444444444444444,0.6666666666666666,5.274823509327037,7.780794153948215
collapse_tail,3,30,0.039398870486341414,0.028761748019181507,0.07622577777777777,0.07622577777777777,0.6666666666666666,0.7777777777777778,8.35497702176111,12.666245959690343
collapse_tail,3,90,0.11593235752709033,0.08823761099569875,0.0011199999999999888,0.0011199999999999888,0.5555555555555556,0.7777777777777778,20.442383505999597,30.167075662881718
collapse_tail,3,180,0.22026519234284464,0.17218480344647996,0.0010026666666666667,0.0009831111111111113,0.5555555555555556,0.7777777777777778,34.66734324104602,52.19316860902022
collapse_tail,3,425,0.34992712535336556,0.2663482018938822,0.0069902222222222,0.0059786666666666564,0.6666666666666666,0.7777777777777778,55.31051279863536,80.42082602801369
collapse_tail,7,30,0.02397763205463159,0.017598745333753656,0.018871111111111102,0.018871111111111102,0.7777777777777778,0.7777777777777778,5.949061127165922,9.29435678042558
collapse_tail,7,90,0.09526119690961073,0.0753551592407044,0.009912888888888877,0.009665777777777766,0.5555555555555556,0.7777777777777778,14.49468485282199,23.06357569866645
collapse_tail,7,180,0.19713613679333017,0.154861668612955,0.0015591111111111,0.001381333333333322,0.5555555555555556,0.7777777777777778,25.00826005270711,38.59890909221513
collapse_tail,7,425,0.30728895604117246,0.2391772570892818,0.011822222222222213,0.0027768888888888782,0.5555555555555556,0.7777777777777778,38.70878774775126,61.077058083257356
collapse_tail,14,30,0.010865106075104533,0.00680671716655569,0.00011377777777777778,0.00011377777777777778,1.0,1.0,4.081249013752055,6.1756585039547875
collapse_tail,14,90,0.0710542193286998,0.0528041843706903,0.055939555555555534,0.0558382222222222,0.4444444444444444,0.7777777777777778,11.931559627888628,17.296007825140514
collapse_tail,14,180,0.14575894462600678,0.11223752740120428,0.019648,0.015407999999999998,0.2222222222222222,0.5555555555555556,20.92924153054221,28.72489784593213
collapse_tail,14,425,0.21874399341208695,0.16579554504685312,0.05644622222222221,0.014816,0.3333333333333333,0.6666666666666666,32.03076746072301,45.25353593649512
collapse_tail,30,90,0.02196506270900311,0.015863286196143956,0.0007111111111111,0.0006417777777777667,0.7777777777777778,0.7777777777777778,6.189779764361022,9.817741231956072
collapse_tail,30,180,0.04490321801583362,0.03519295693297234,0.0,0.0,0.5555555555555556,0.7777777777777778,8.741211213818538,16.235068441936605
collapse_tail,30,425,0.06512068948278889,0.05629529308912045,0.0007111111111111,0.0,0.5555555555555556,0.5555555555555556,10.715380404467812,22.43588262961292
collapse_tail,60,90,0.016813739879810344,0.011820556862499366,0.0,0.0,0.4444444444444444,0.5555555555555556,3.127378737920914,4.7659130297421255
collapse_tail,60,180,0.031728053864359756,0.02600394825858959,0.0,0.0,0.4444444444444444,0.5555555555555556,5.319403212314421,7.67315886862545
collapse_tail,60,425,0.05513043438138659,0.04478774224508456,0.0,0.0,0.4444444444444444,0.4444444444444444,5.944107982195719,8.906263368197367
late_reactivation,3,30,0.01749117963359188,0.012833118478360779,0.03564977777777777,0.035137777777777775,0.8888888888888888,1.0,7.561104241883809,11.004836870075543
late_reactivation,3,90,0.10822613099100366,0.08606094494921024,0.12060088888888891,0.11088177777777777,0.4444444444444444,0.6666666666666666,12.659610923984024,18.714082878383742
late_reactivation,3,180,0.33650055748184426,0.3042826976466031,0.15952888888888886,0.11072355555555553,0.0,0.2222222222222222,14.906566956744424,21.719105558294288
late_reactivation,3,425,0.36971615907380073,0.33603409075614254,0.22995733333333332,0.11072355555555553,0.0,0.2222222222222222,15.37732583186698,22.586570353517104
late_reactivation,7,30,0.01349842893949621,0.009402397520247522,0.0003448888888888889,0.00033244444444444445,1.0,1.0,5.541729094763328,8.81556423899966
late_reactivation,7,90,0.11414249118137783,0.09835859211037483,0.17713955555555558,0.17041955555555555,0.3333333333333333,0.4444444444444444,10.540188548948063,16.548252710245475
late_reactivation,7,180,0.34435554116946143,0.31744942760334144,0.20349866666666666,0.17041955555555555,0.0,0.1111111111111111,12.567312572015688,19.845341832114165
late_reactivation,7,425,0.3772724490677215,0.34916776391779925,0.22056,0.17041955555555555,0.0,0.1111111111111111,13.228738838422222,20.786704211164725
late_reactivation,14,30,0.015794778261932988,0.010960648162380023,0.00024355555555554442,0.00024355555555554442,0.6666666666666666,1.0,4.0362690302896205,6.306712880593475
late_reactivation,14,90,0.04438014063800982,0.037578234375648584,0.1111111111111111,0.1111111111111111,0.6666666666666666,0.6666666666666666,8.535846575147149,12.996575234127423
late_reactivation,14,180,0.24095576903503022,0.21848159517465363,0.1111111111111111,0.1111111111111111,0.0,0.0,10.274552289281862,15.612624325850893
late_reactivation,14,425,0.266345846149962,0.24300213404461657,0.11111288888888889,0.11111288888888889,0.0,0.0,10.749124243925072,16.045261276010304
late_reactivation,30,90,0.04488655742113682,0.0333415388241258,0.0020568888888888885,0.0019377777777777774,0.4444444444444444,0.6666666666666666,5.963458340806907,9.137494938675589
late_reactivation,30,180,0.2395342289242677,0.22202297842602897,1.7777777777777811e-06,1.7777777777777811e-06,0.0,0.0,8.030253327373437,11.839456741283554
late_reactivation,30,425,0.2633733488558234,0.24464879620104674,0.0018204444444444444,1.7777777777777811e-06,0.0,0.1111111111111111,8.508548858919868,12.829485166729965
late_reactivation,60,90,0.03517151110319764,0.0284654346891305,0.0,0.0,0.3333333333333333,0.4444444444444444,3.384870913948843,5.167764137005209
late_reactivation,60,180,0.21942334826176663,0.2063516852503746,4.4444444444444447e-05,4.4444444444444447e-05,0.1111111111111111,0.1111111111111111,5.7595687785655185,10.133750239585936
late_reactivation,60,425,0.23473355138341478,0.22165497062517572,0.0027199999999999998,0.003927111111111111,0.2222222222222222,0.3333333333333333,6.817654920943042,14.46525603715083
stationary,3,30,0.021193674611410522,0.015134288653161711,0.010540444444444444,0.010540444444444444,0.7777777777777778,0.8888888888888888,5.042409834849805,7.714014687003667
stationary,3,90,0.06204025844106779,0.04227721918835371,0.05545066666666664,0.05545066666666664,0.5555555555555556,0.8888888888888888,12.829593330137868,20.897570381759586
stationary,3,180,0.09873452577287868,0.0660768145929805,0.189776,0.18909155555555554,0.7777777777777778,0.8888888888888888,22.942247225945103,37.0359210208333
stationary,3,425,0.1318236263896691,0.08782698567620788,0.15135822222222217,0.1493262222222222,0.7777777777777778,1.0,37.611794960917464,57.98067916604014
stationary,7,30,0.013180518741857767,0.011254089320325011,4.4444444444444447e-05,4.4444444444444447e-05,0.7777777777777778,0.7777777777777778,3.6358869252226262,5.889038628628108
stationary,7,90,0.03648264692912698,0.02901777702128345,0.05546844444444443,0.05431644444444443,0.6666666666666666,0.7777777777777778,10.112857091626005,15.587134025157305
stationary,7,180,0.05687889514835577,0.045350553323118166,0.12583644444444442,0.12577244444444444,0.5555555555555556,0.8888888888888888,18.556307959813637,27.611982809586202
stationary,7,425,0.0707212190917944,0.061666761770359825,0.12336711111111108,0.1216764444444444,0.7777777777777778,0.8888888888888888,29.919847349535832,44.81633034447188
stationary,14,30,0.0073438073891306105,0.0050272446055716884,0.0,0.0,1.0,1.0,2.8510485266492234,4.5774385947971865
stationary,14,90,0.020230259906762468,0.013646910677426223,0.012643555555555554,0.012643555555555554,1.0,1.0,8.956257102229848,13.329940534221853
stationary,14,180,0.030698494147829953,0.0237624091403243,0.07046755555555555,0.06959999999999998,0.8888888888888888,1.0,16.92657499756942,24.8980215610945
stationary,14,425,0.036921342814611235,0.034029696636762696,0.047551999999999976,0.04691377777777776,0.8888888888888888,1.0,28.21975920698892,41.86757216683553
stationary,30,90,0.02357728428478238,0.015833061414255223,0.03691555555555554,0.03691555555555554,0.4444444444444444,0.7777777777777778,4.994141794986819,7.6866448629884525
stationary,30,180,0.04707553234708786,0.03337111785932093,0.10096355555555556,0.10096355555555556,0.6666666666666666,0.8888888888888888,10.047529515543618,15.224060232678331
stationary,30,425,0.059461130479663754,0.04609879877407538,0.08672533333333332,0.08518044444444443,0.6666666666666666,0.8888888888888888,17.288590519906464,26.70012303415528
stationary,60,90,0.0055701717069657885,0.004897915926328111,0.020099555555555555,0.020497777777777778,0.7777777777777778,1.0,2.8078657300534067,4.187193327890438
stationary,60,180,0.01603211435930201,0.011434961763555122,0.06710222222222223,0.06710222222222223,0.7777777777777778,1.0,6.4539568999630665,9.853284747924572
stationary,60,425,0.03123216175699969,0.022629968429834335,0.04559822222222221,0.050888888888888886,0.8888888888888888,1.0,12.20859697646753,18.430021583434975
