world,origin_day,calendar_horizon,future_scenario,draw_id,margin
demo-human_decline_bot_rise-884000,119,299,hold_current,0,38.02057800169167
demo-human_decline_bot_rise-884000,119,299,hold_current,1,64.07473572725341
demo-human_decline_bot_rise-884000,119,299,hold_current,2,13.044823840200493
demo-human_decline_bot_rise-884000,119,299,hold_current,3,8.542103238711881
demo-human_decline_bot_rise-884000,119,299,hold_current,4,-7.696568749100079
demo-human_decline_bot_rise-884000,119,299,hold_current,5,86.32746423935748
demo-human_decline_bot_rise-884000,119,299,hold_current,6,23.764129286025543
demo-human_decline_bot_rise-884000,119,299,hold_current,7,-8.29692711429957
demo-human_decline_bot_rise-884000,119,299,hold_current,8,28.514380351945164
demo-human_decline_bot_rise-884000,119,299,hold_current,9,30.337919800665798
demo-human_decline_bot_rise-884000,119,299,hold_current,10,14.022749994560925
demo-human_decline_bot_rise-884000,119,299,hold_current,11,31.826386547167683
demo-human_decline_bot_rise-884000,119,299,hold_current,12,-1.9535437719227602
demo-human_decline_bot_rise-884000,119,299,hold_current,13,-9.216688126924588
demo-human_decline_bot_rise-884000,119,299,hold_current,14,64.86570081468011
demo-human_decline_bot_rise-884000,119,299,hold_current,15,14.177587150713876
demo-human_decline_bot_rise-884000,119,299,hold_current,16,106.97567546662859
demo-human_decline_bot_rise-884000,119,299,hold_current,17,11.48686532629927
demo-human_decline_bot_rise-884000,119,299,hold_current,18,106.55033198254986
demo-human_decline_bot_rise-884000,119,299,hold_current,19,42.66853635456805
demo-human_decline_bot_rise-884000,119,299,hold_current,20,46.832162620538114
demo-human_decline_bot_rise-884000,119,299,hold_current,21,-4.341645729628841
demo-human_decline_bot_rise-884000,119,299,hold_current,22,4.475258706766539
demo-human_decline_bot_rise-884000,119,299,hold_current,23,-27.99276805456302
demo-human_decline_bot_rise-884000,119,299,hold_current,24,45.74641874311163
demo-human_decline_bot_rise-884000,119,299,hold_current,25,-37.92070592633783
demo-human_decline_bot_rise-884000,119,299,hold_current,26,113.44963139158179
demo-human_decline_bot_rise-884000,119,299,hold_current,27,-44.741324780574395
demo-human_decline_bot_rise-884000,119,299,hold_current,28,-18.083584746257774
demo-human_decline_bot_rise-884000,119,299,hold_current,29,-9.269282517897775
demo-human_decline_bot_rise-884000,119,299,hold_current,30,52.40336635730789
demo-human_decline_bot_rise-884000,119,299,hold_current,31,63.968505569286805
demo-human_decline_bot_rise-884000,119,299,hold_current,32,20.435118965450155
demo-human_decline_bot_rise-884000,119,299,hold_current,33,11.612677378035706
demo-human_decline_bot_rise-884000,119,299,hold_current,34,-2.2418826505227223
demo-human_decline_bot_rise-884000,119,299,hold_current,35,25.044362689441474
demo-human_decline_bot_rise-884000,119,299,hold_current,36,28.96403809741422
demo-human_decline_bot_rise-884000,119,299,hold_current,37,-43.54417988179864
demo-human_decline_bot_rise-884000,119,299,hold_current,38,-38.942265765120204
demo-human_decline_bot_rise-884000,119,299,hold_current,39,18.692791003607788
demo-human_decline_bot_rise-884000,119,299,hold_current,40,16.865683521910476
demo-human_decline_bot_rise-884000,119,299,hold_current,41,0.39351595408472306
demo-human_decline_bot_rise-884000,119,299,hold_current,42,31.219002359370428
demo-human_decline_bot_rise-884000,119,299,hold_current,43,18.578194159171126
demo-human_decline_bot_rise-884000,119,299,hold_current,44,1.760743840390706
demo-human_decline_bot_rise-884000,119,299,hold_current,45,52.27891582065648
demo-human_decline_bot_rise-884000,119,299,hold_current,46,97.12043106864874
demo-human_decline_bot_rise-884000,119,299,hold_current,47,16.817861447427628
demo-human_decline_bot_rise-884000,119,299,hold_current,48,125.85370198100887
demo-human_decline_bot_rise-884000,119,299,hold_current,49,20.925795769642807
demo-human_decline_bot_rise-884000,119,299,hold_current,50,25.73481166698531
demo-human_decline_bot_rise-884000,119,299,hold_current,51,8.438308504962833
demo-human_decline_bot_rise-884000,119,299,hold_current,52,43.5592159841764
demo-human_decline_bot_rise-884000,119,299,hold_current,53,-26.193483524864874
demo-human_decline_bot_rise-884000,119,299,hold_current,54,20.558559748587808
demo-human_decline_bot_rise-884000,119,299,hold_current,55,51.9524524708272
demo-human_decline_bot_rise-884000,119,299,hold_current,56,28.43970618278846
demo-human_decline_bot_rise-884000,119,299,hold_current,57,10.890425889910144
demo-human_decline_bot_rise-884000,119,299,hold_current,58,40.334768578479405
demo-human_decline_bot_rise-884000,119,299,hold_current,59,-11.889660375378199
demo-human_decline_bot_rise-884000,119,299,hold_current,60,81.4517336491619
demo-human_decline_bot_rise-884000,119,299,hold_current,61,10.4736062047988
demo-human_decline_bot_rise-884000,119,299,hold_current,62,-4.328963152775152
demo-human_decline_bot_rise-884000,119,299,hold_current,63,39.2013614315494
demo-human_decline_bot_rise-884000,119,299,hold_current,64,5.211962574528631
demo-human_decline_bot_rise-884000,119,299,hold_current,65,14.059828388117452
demo-human_decline_bot_rise-884000,119,299,hold_current,66,15.173360291494301
demo-human_decline_bot_rise-884000,119,299,hold_current,67,7.15841293138007
demo-human_decline_bot_rise-884000,119,299,hold_current,68,17.138678074332827
demo-human_decline_bot_rise-884000,119,299,hold_current,69,3.55345277203514
demo-human_decline_bot_rise-884000,119,299,hold_current,70,-1.303748223937685
demo-human_decline_bot_rise-884000,119,299,hold_current,71,-17.48492865566538
demo-human_decline_bot_rise-884000,119,299,hold_current,72,-27.48265756521034
demo-human_decline_bot_rise-884000,119,299,hold_current,73,11.026764347965468
demo-human_decline_bot_rise-884000,119,299,hold_current,74,-21.653753059611248
demo-human_decline_bot_rise-884000,119,299,hold_current,75,2.6898908952742993
demo-human_decline_bot_rise-884000,119,299,hold_current,76,61.49005503114666
demo-human_decline_bot_rise-884000,119,299,hold_current,77,-22.78232059590252
demo-human_decline_bot_rise-884000,119,299,hold_current,78,164.72180825547994
demo-human_decline_bot_rise-884000,119,299,hold_current,79,76.75287638895841
demo-human_decline_bot_rise-884000,119,299,hold_current,80,-0.03561330625122494
demo-human_decline_bot_rise-884000,119,299,hold_current,81,-39.437108607038326
demo-human_decline_bot_rise-884000,119,299,hold_current,82,8.076058942542097
demo-human_decline_bot_rise-884000,119,299,hold_current,83,66.8416554523838
demo-human_decline_bot_rise-884000,119,299,hold_current,84,29.55500081575918
demo-human_decline_bot_rise-884000,119,299,hold_current,85,11.45514570828037
demo-human_decline_bot_rise-884000,119,299,hold_current,86,53.53057020356356
demo-human_decline_bot_rise-884000,119,299,hold_current,87,-39.27574305438626
demo-human_decline_bot_rise-884000,119,299,hold_current,88,26.93453672805427
demo-human_decline_bot_rise-884000,119,299,hold_current,89,-18.657222262925536
demo-human_decline_bot_rise-884000,119,299,hold_current,90,-73.03993759145862
demo-human_decline_bot_rise-884000,119,299,hold_current,91,52.3220640431503
demo-human_decline_bot_rise-884000,119,299,hold_current,92,19.120863638068784
demo-human_decline_bot_rise-884000,119,299,hold_current,93,55.51397234742137
demo-human_decline_bot_rise-884000,119,299,hold_current,94,55.64278699468747
demo-human_decline_bot_rise-884000,119,299,hold_current,95,-3.7568341026964553
demo-human_decline_bot_rise-884000,119,299,hold_current,96,-17.862651924257992
demo-human_decline_bot_rise-884000,119,299,hold_current,97,85.15033594891231
demo-human_decline_bot_rise-884000,119,299,hold_current,98,45.74180322892268
demo-human_decline_bot_rise-884000,119,299,hold_current,99,0.007338449571626882
demo-human_decline_bot_rise-884000,119,299,hold_current,100,40.52319926568671
demo-human_decline_bot_rise-884000,119,299,hold_current,101,-29.2199908359755
demo-human_decline_bot_rise-884000,119,299,hold_current,102,-13.376458460396321
demo-human_decline_bot_rise-884000,119,299,hold_current,103,4.839761113337275
demo-human_decline_bot_rise-884000,119,299,hold_current,104,-6.515704910094101
demo-human_decline_bot_rise-884000,119,299,hold_current,105,61.26518238163519
demo-human_decline_bot_rise-884000,119,299,hold_current,106,-45.50275442965453
demo-human_decline_bot_rise-884000,119,299,hold_current,107,-35.89696610429417
demo-human_decline_bot_rise-884000,119,299,hold_current,108,0.940098519629597
demo-human_decline_bot_rise-884000,119,299,hold_current,109,-16.699034264532077
demo-human_decline_bot_rise-884000,119,299,hold_current,110,13.65208369060026
demo-human_decline_bot_rise-884000,119,299,hold_current,111,-44.7942189679421
demo-human_decline_bot_rise-884000,119,299,hold_current,112,48.74222025160846
demo-human_decline_bot_rise-884000,119,299,hold_current,113,6.8827404209537555
demo-human_decline_bot_rise-884000,119,299,hold_current,114,-1.1589159215603448
demo-human_decline_bot_rise-884000,119,299,hold_current,115,41.823184256205266
demo-human_decline_bot_rise-884000,119,299,hold_current,116,-0.6295532092660423
demo-human_decline_bot_rise-884000,119,299,hold_current,117,77.2773437698267
demo-human_decline_bot_rise-884000,119,299,hold_current,118,-13.87696373224978
demo-human_decline_bot_rise-884000,119,299,hold_current,119,107.14284187684153
demo-human_decline_bot_rise-884000,119,299,hold_current,120,56.395312499582445
demo-human_decline_bot_rise-884000,119,299,hold_current,121,92.21566457531586
demo-human_decline_bot_rise-884000,119,299,hold_current,122,-0.07081199145237704
demo-human_decline_bot_rise-884000,119,299,hold_current,123,-57.97075087942764
demo-human_decline_bot_rise-884000,119,299,hold_current,124,54.96212397190744
demo-human_decline_bot_rise-884000,119,299,hold_current,125,-6.358034548240688
demo-human_decline_bot_rise-884000,119,299,hold_current,126,72.24643473354887
demo-human_decline_bot_rise-884000,119,299,hold_current,127,6.726350115156134
demo-human_decline_bot_rise-884000,119,299,hold_current,128,-0.5519749138899606
demo-human_decline_bot_rise-884000,119,299,hold_current,129,28.634090877464384
demo-human_decline_bot_rise-884000,119,299,hold_current,130,79.72668427457917
demo-human_decline_bot_rise-884000,119,299,hold_current,131,-3.569784716991961
demo-human_decline_bot_rise-884000,119,299,hold_current,132,-15.950988376533644
demo-human_decline_bot_rise-884000,119,299,hold_current,133,77.1206346559481
demo-human_decline_bot_rise-884000,119,299,hold_current,134,-9.216347338990829
demo-human_decline_bot_rise-884000,119,299,hold_current,135,6.199362888839342
demo-human_decline_bot_rise-884000,119,299,hold_current,136,-45.88998005124786
demo-human_decline_bot_rise-884000,119,299,hold_current,137,85.27477233681228
demo-human_decline_bot_rise-884000,119,299,hold_current,138,40.05974309398809
demo-human_decline_bot_rise-884000,119,299,hold_current,139,-5.16537024298167
demo-human_decline_bot_rise-884000,119,299,hold_current,140,-12.40793123421286
demo-human_decline_bot_rise-884000,119,299,hold_current,141,44.56039880610102
demo-human_decline_bot_rise-884000,119,299,hold_current,142,115.1103733643663
demo-human_decline_bot_rise-884000,119,299,hold_current,143,-25.837156916476967
demo-human_decline_bot_rise-884000,119,299,hold_current,144,31.441713626912044
demo-human_decline_bot_rise-884000,119,299,hold_current,145,48.03867743555686
demo-human_decline_bot_rise-884000,119,299,hold_current,146,89.95758880246763
demo-human_decline_bot_rise-884000,119,299,hold_current,147,-33.09883861046811
demo-human_decline_bot_rise-884000,119,299,hold_current,148,88.68163598312836
demo-human_decline_bot_rise-884000,119,299,hold_current,149,67.85818908010248
demo-human_decline_bot_rise-884000,119,299,hold_current,150,44.63880807687989
demo-human_decline_bot_rise-884000,119,299,hold_current,151,29.011005631995573
demo-human_decline_bot_rise-884000,119,299,hold_current,152,63.49968193277947
demo-human_decline_bot_rise-884000,119,299,hold_current,153,40.92384707712573
demo-human_decline_bot_rise-884000,119,299,hold_current,154,19.433390597838645
demo-human_decline_bot_rise-884000,119,299,hold_current,155,8.065587320964525
demo-human_decline_bot_rise-884000,119,299,hold_current,156,-37.875225077684796
demo-human_decline_bot_rise-884000,119,299,hold_current,157,-13.983779338453118
demo-human_decline_bot_rise-884000,119,299,hold_current,158,-4.4265254108593375
demo-human_decline_bot_rise-884000,119,299,hold_current,159,0.4437906759943999
demo-human_decline_bot_rise-884000,119,299,hold_current,160,56.44731028376515
demo-human_decline_bot_rise-884000,119,299,hold_current,161,1.5991303974710398
demo-human_decline_bot_rise-884000,119,299,hold_current,162,29.096534356005144
demo-human_decline_bot_rise-884000,119,299,hold_current,163,117.34514524975594
demo-human_decline_bot_rise-884000,119,299,hold_current,164,15.098554569467314
demo-human_decline_bot_rise-884000,119,299,hold_current,165,-39.10192714907711
demo-human_decline_bot_rise-884000,119,299,hold_current,166,26.861246462768094
demo-human_decline_bot_rise-884000,119,299,hold_current,167,-16.335835608935234
demo-human_decline_bot_rise-884000,119,299,hold_current,168,23.48804247074643
demo-human_decline_bot_rise-884000,119,299,hold_current,169,28.073807119776323
demo-human_decline_bot_rise-884000,119,299,hold_current,170,133.3298917426703
demo-human_decline_bot_rise-884000,119,299,hold_current,171,-15.84890043111702
demo-human_decline_bot_rise-884000,119,299,hold_current,172,6.5477904899044646
demo-human_decline_bot_rise-884000,119,299,hold_current,173,52.25990878247982
demo-human_decline_bot_rise-884000,119,299,hold_current,174,288.7115286409951
demo-human_decline_bot_rise-884000,119,299,hold_current,175,41.19980241432189
demo-human_decline_bot_rise-884000,119,299,hold_current,176,43.39300259515674
demo-human_decline_bot_rise-884000,119,299,hold_current,177,-18.015586217053126
demo-human_decline_bot_rise-884000,119,299,hold_current,178,44.636794503358175
demo-human_decline_bot_rise-884000,119,299,hold_current,179,-6.472478251162393
demo-human_decline_bot_rise-884000,119,299,hold_current,180,22.27131117480569
demo-human_decline_bot_rise-884000,119,299,hold_current,181,6.836028770569715
demo-human_decline_bot_rise-884000,119,299,hold_current,182,69.96203901461712
demo-human_decline_bot_rise-884000,119,299,hold_current,183,-15.387592114076089
demo-human_decline_bot_rise-884000,119,299,hold_current,184,-35.22251306869906
demo-human_decline_bot_rise-884000,119,299,hold_current,185,-29.491223220884844
demo-human_decline_bot_rise-884000,119,299,hold_current,186,40.542291384834485
demo-human_decline_bot_rise-884000,119,299,hold_current,187,-18.75780687766512
demo-human_decline_bot_rise-884000,119,299,hold_current,188,118.02667144344207
demo-human_decline_bot_rise-884000,119,299,hold_current,189,30.902645027658174
demo-human_decline_bot_rise-884000,119,299,hold_current,190,151.36092564735867
demo-human_decline_bot_rise-884000,119,299,hold_current,191,-15.187719446124035
demo-human_decline_bot_rise-884000,119,299,hold_current,192,-67.57118322055196
demo-human_decline_bot_rise-884000,119,299,hold_current,193,81.70351805919282
demo-human_decline_bot_rise-884000,119,299,hold_current,194,-20.05397449278768
demo-human_decline_bot_rise-884000,119,299,hold_current,195,111.81935675277569
demo-human_decline_bot_rise-884000,119,299,hold_current,196,-34.17760248337798
demo-human_decline_bot_rise-884000,119,299,hold_current,197,45.56110084377759
demo-human_decline_bot_rise-884000,119,299,hold_current,198,-14.94370738692248
demo-human_decline_bot_rise-884000,119,299,hold_current,199,28.01405710738677
demo-human_decline_bot_rise-884000,119,299,hold_current,200,-8.777515649239103
demo-human_decline_bot_rise-884000,119,299,hold_current,201,10.872624917922671
demo-human_decline_bot_rise-884000,119,299,hold_current,202,-7.967741939305117
demo-human_decline_bot_rise-884000,119,299,hold_current,203,23.552871954241343
demo-human_decline_bot_rise-884000,119,299,hold_current,204,30.905328639145928
demo-human_decline_bot_rise-884000,119,299,hold_current,205,39.782005188347796
demo-human_decline_bot_rise-884000,119,299,hold_current,206,-22.37170730199011
demo-human_decline_bot_rise-884000,119,299,hold_current,207,32.84011396821202
demo-human_decline_bot_rise-884000,119,299,hold_current,208,57.3010229511279
demo-human_decline_bot_rise-884000,119,299,hold_current,209,28.33341403024123
demo-human_decline_bot_rise-884000,119,299,hold_current,210,2.531584500482694
demo-human_decline_bot_rise-884000,119,299,hold_current,211,13.786158564730297
demo-human_decline_bot_rise-884000,119,299,hold_current,212,104.79648055892821
demo-human_decline_bot_rise-884000,119,299,hold_current,213,4.67894111732123
demo-human_decline_bot_rise-884000,119,299,hold_current,214,33.783014662150435
demo-human_decline_bot_rise-884000,119,299,hold_current,215,83.53567972268795
demo-human_decline_bot_rise-884000,119,299,hold_current,216,-0.04552633798638084
demo-human_decline_bot_rise-884000,119,299,hold_current,217,29.1464175513708
demo-human_decline_bot_rise-884000,119,299,hold_current,218,12.078505992906518
demo-human_decline_bot_rise-884000,119,299,hold_current,219,-36.56069809306892
demo-human_decline_bot_rise-884000,119,299,hold_current,220,-7.544594228419694
demo-human_decline_bot_rise-884000,119,299,hold_current,221,37.8354759988768
demo-human_decline_bot_rise-884000,119,299,hold_current,222,70.74829928776266
demo-human_decline_bot_rise-884000,119,299,hold_current,223,64.6736434574987
demo-human_decline_bot_rise-884000,119,299,hold_current,224,17.54659981844265
demo-human_decline_bot_rise-884000,119,299,hold_current,225,112.426988624315
demo-human_decline_bot_rise-884000,119,299,hold_current,226,17.89558379639389
demo-human_decline_bot_rise-884000,119,299,hold_current,227,16.408491807127334
demo-human_decline_bot_rise-884000,119,299,hold_current,228,11.958286918082127
demo-human_decline_bot_rise-884000,119,299,hold_current,229,79.04573694975221
demo-human_decline_bot_rise-884000,119,299,hold_current,230,-40.77775198818479
demo-human_decline_bot_rise-884000,119,299,hold_current,231,114.1012896106499
demo-human_decline_bot_rise-884000,119,299,hold_current,232,42.533773341039165
demo-human_decline_bot_rise-884000,119,299,hold_current,233,66.69590017967658
demo-human_decline_bot_rise-884000,119,299,hold_current,234,-22.52232827117115
demo-human_decline_bot_rise-884000,119,299,hold_current,235,1.1624519504252078
demo-human_decline_bot_rise-884000,119,299,hold_current,236,60.792165449434975
demo-human_decline_bot_rise-884000,119,299,hold_current,237,35.32949638652762
demo-human_decline_bot_rise-884000,119,299,hold_current,238,26.595955331169545
demo-human_decline_bot_rise-884000,119,299,hold_current,239,31.606366049044084
demo-human_decline_bot_rise-884000,119,299,hold_current,240,51.97069570024336
demo-human_decline_bot_rise-884000,119,299,hold_current,241,-56.356271353797844
demo-human_decline_bot_rise-884000,119,299,hold_current,242,72.82356629135154
demo-human_decline_bot_rise-884000,119,299,hold_current,243,61.415594785814235
demo-human_decline_bot_rise-884000,119,299,hold_current,244,12.073457481436876
demo-human_decline_bot_rise-884000,119,299,hold_current,245,-37.06723309976655
demo-human_decline_bot_rise-884000,119,299,hold_current,246,-4.600717624717408
demo-human_decline_bot_rise-884000,119,299,hold_current,247,24.094162977942695
demo-human_decline_bot_rise-884000,119,299,hold_current,248,38.19763920459645
demo-human_decline_bot_rise-884000,119,299,hold_current,249,4.623699120271201
demo-human_decline_bot_rise-884000,119,299,hold_current,250,63.74490108953773
demo-human_decline_bot_rise-884000,119,299,hold_current,251,-7.22776249538666
demo-human_decline_bot_rise-884000,119,299,hold_current,252,97.00646228323646
demo-human_decline_bot_rise-884000,119,299,hold_current,253,15.191105970851794
demo-human_decline_bot_rise-884000,119,299,hold_current,254,15.280979751332556
demo-human_decline_bot_rise-884000,119,299,hold_current,255,-16.2375737767311
demo-human_decline_bot_rise-884000,119,299,fixed_price,0,105.50852250035359
demo-human_decline_bot_rise-884000,119,299,fixed_price,1,158.38010874001174
demo-human_decline_bot_rise-884000,119,299,fixed_price,2,104.52969338797627
demo-human_decline_bot_rise-884000,119,299,fixed_price,3,107.15018949402602
demo-human_decline_bot_rise-884000,119,299,fixed_price,4,180.59562255081883
demo-human_decline_bot_rise-884000,119,299,fixed_price,5,151.18819753833074
demo-human_decline_bot_rise-884000,119,299,fixed_price,6,65.77858081333477
demo-human_decline_bot_rise-884000,119,299,fixed_price,7,53.131660588525186
demo-human_decline_bot_rise-884000,119,299,fixed_price,8,122.57743986996704
demo-human_decline_bot_rise-884000,119,299,fixed_price,9,110.68376233315232
demo-human_decline_bot_rise-884000,119,299,fixed_price,10,66.06500482921327
demo-human_decline_bot_rise-884000,119,299,fixed_price,11,122.64294432138874
demo-human_decline_bot_rise-884000,119,299,fixed_price,12,78.47122121843927
demo-human_decline_bot_rise-884000,119,299,fixed_price,13,46.57911685647665
demo-human_decline_bot_rise-884000,119,299,fixed_price,14,116.23156632965791
demo-human_decline_bot_rise-884000,119,299,fixed_price,15,57.697249701857665
demo-human_decline_bot_rise-884000,119,299,fixed_price,16,163.70529006937375
demo-human_decline_bot_rise-884000,119,299,fixed_price,17,86.95748303271444
demo-human_decline_bot_rise-884000,119,299,fixed_price,18,96.5157389231224
demo-human_decline_bot_rise-884000,119,299,fixed_price,19,62.34320114031203
demo-human_decline_bot_rise-884000,119,299,fixed_price,20,90.05600172729375
demo-human_decline_bot_rise-884000,119,299,fixed_price,21,71.16217379591811
demo-human_decline_bot_rise-884000,119,299,fixed_price,22,134.34246737421913
demo-human_decline_bot_rise-884000,119,299,fixed_price,23,133.7162565942969
demo-human_decline_bot_rise-884000,119,299,fixed_price,24,137.26064462704312
demo-human_decline_bot_rise-884000,119,299,fixed_price,25,69.80809242757806
demo-human_decline_bot_rise-884000,119,299,fixed_price,26,90.15534708736936
demo-human_decline_bot_rise-884000,119,299,fixed_price,27,44.76496206003086
demo-human_decline_bot_rise-884000,119,299,fixed_price,28,102.10638242338592
demo-human_decline_bot_rise-884000,119,299,fixed_price,29,87.3633890362001
demo-human_decline_bot_rise-884000,119,299,fixed_price,30,45.35524545667645
demo-human_decline_bot_rise-884000,119,299,fixed_price,31,252.82514345163366
demo-human_decline_bot_rise-884000,119,299,fixed_price,32,137.69123527903818
demo-human_decline_bot_rise-884000,119,299,fixed_price,33,46.45579116311951
demo-human_decline_bot_rise-884000,119,299,fixed_price,34,107.75733073672447
demo-human_decline_bot_rise-884000,119,299,fixed_price,35,85.62850479003808
demo-human_decline_bot_rise-884000,119,299,fixed_price,36,119.89692219570924
demo-human_decline_bot_rise-884000,119,299,fixed_price,37,76.12398491432091
demo-human_decline_bot_rise-884000,119,299,fixed_price,38,83.02124200441682
demo-human_decline_bot_rise-884000,119,299,fixed_price,39,55.90536758024337
demo-human_decline_bot_rise-884000,119,299,fixed_price,40,173.43056970167956
demo-human_decline_bot_rise-884000,119,299,fixed_price,41,77.94568280016634
demo-human_decline_bot_rise-884000,119,299,fixed_price,42,58.55188327344184
demo-human_decline_bot_rise-884000,119,299,fixed_price,43,99.50192822202905
demo-human_decline_bot_rise-884000,119,299,fixed_price,44,68.6663018222593
demo-human_decline_bot_rise-884000,119,299,fixed_price,45,160.24991108472372
demo-human_decline_bot_rise-884000,119,299,fixed_price,46,128.74873001712317
demo-human_decline_bot_rise-884000,119,299,fixed_price,47,86.46997949676924
demo-human_decline_bot_rise-884000,119,299,fixed_price,48,251.44092586410423
demo-human_decline_bot_rise-884000,119,299,fixed_price,49,100.29564240715634
demo-human_decline_bot_rise-884000,119,299,fixed_price,50,126.61962117989339
demo-human_decline_bot_rise-884000,119,299,fixed_price,51,134.3068869705376
demo-human_decline_bot_rise-884000,119,299,fixed_price,52,90.30992318822535
demo-human_decline_bot_rise-884000,119,299,fixed_price,53,168.76498220042012
demo-human_decline_bot_rise-884000,119,299,fixed_price,54,49.35162232990157
demo-human_decline_bot_rise-884000,119,299,fixed_price,55,73.09886820341487
demo-human_decline_bot_rise-884000,119,299,fixed_price,56,174.20289277159014
demo-human_decline_bot_rise-884000,119,299,fixed_price,57,123.60661335940026
demo-human_decline_bot_rise-884000,119,299,fixed_price,58,108.18370757393103
demo-human_decline_bot_rise-884000,119,299,fixed_price,59,51.35453323684205
demo-human_decline_bot_rise-884000,119,299,fixed_price,60,102.7718378709186
demo-human_decline_bot_rise-884000,119,299,fixed_price,61,212.44950432327343
demo-human_decline_bot_rise-884000,119,299,fixed_price,62,113.31664164425644
demo-human_decline_bot_rise-884000,119,299,fixed_price,63,108.5698517643369
demo-human_decline_bot_rise-884000,119,299,fixed_price,64,4.076324758786551
demo-human_decline_bot_rise-884000,119,299,fixed_price,65,86.55099303788903
demo-human_decline_bot_rise-884000,119,299,fixed_price,66,128.10587259333585
demo-human_decline_bot_rise-884000,119,299,fixed_price,67,94.55117024374556
demo-human_decline_bot_rise-884000,119,299,fixed_price,68,116.97996541207328
demo-human_decline_bot_rise-884000,119,299,fixed_price,69,159.22952646445424
demo-human_decline_bot_rise-884000,119,299,fixed_price,70,133.74193904380445
demo-human_decline_bot_rise-884000,119,299,fixed_price,71,68.39833827197587
demo-human_decline_bot_rise-884000,119,299,fixed_price,72,114.52238428206923
demo-human_decline_bot_rise-884000,119,299,fixed_price,73,62.86841420203476
demo-human_decline_bot_rise-884000,119,299,fixed_price,74,85.92981193311249
demo-human_decline_bot_rise-884000,119,299,fixed_price,75,69.75315189000534
demo-human_decline_bot_rise-884000,119,299,fixed_price,76,75.6439843579069
demo-human_decline_bot_rise-884000,119,299,fixed_price,77,62.65628168980367
demo-human_decline_bot_rise-884000,119,299,fixed_price,78,189.12266059388102
demo-human_decline_bot_rise-884000,119,299,fixed_price,79,70.5557159003724
demo-human_decline_bot_rise-884000,119,299,fixed_price,80,97.89689518877725
demo-human_decline_bot_rise-884000,119,299,fixed_price,81,103.76584423400331
demo-human_decline_bot_rise-884000,119,299,fixed_price,82,41.45948943773213
demo-human_decline_bot_rise-884000,119,299,fixed_price,83,181.83279183865577
demo-human_decline_bot_rise-884000,119,299,fixed_price,84,99.11896214314277
demo-human_decline_bot_rise-884000,119,299,fixed_price,85,58.0471977212799
demo-human_decline_bot_rise-884000,119,299,fixed_price,86,136.0199052796739
demo-human_decline_bot_rise-884000,119,299,fixed_price,87,66.60115428969243
demo-human_decline_bot_rise-884000,119,299,fixed_price,88,109.40369209093677
demo-human_decline_bot_rise-884000,119,299,fixed_price,89,193.71720000700802
demo-human_decline_bot_rise-884000,119,299,fixed_price,90,50.15221848618655
demo-human_decline_bot_rise-884000,119,299,fixed_price,91,127.10968582800815
demo-human_decline_bot_rise-884000,119,299,fixed_price,92,134.22485899224216
demo-human_decline_bot_rise-884000,119,299,fixed_price,93,188.0288691442968
demo-human_decline_bot_rise-884000,119,299,fixed_price,94,152.16899889633774
demo-human_decline_bot_rise-884000,119,299,fixed_price,95,99.717320603182
demo-human_decline_bot_rise-884000,119,299,fixed_price,96,87.019242925968
demo-human_decline_bot_rise-884000,119,299,fixed_price,97,148.764261585551
demo-human_decline_bot_rise-884000,119,299,fixed_price,98,180.42347897041495
demo-human_decline_bot_rise-884000,119,299,fixed_price,99,75.85831760208754
demo-human_decline_bot_rise-884000,119,299,fixed_price,100,68.1973905095926
demo-human_decline_bot_rise-884000,119,299,fixed_price,101,52.03894658239499
demo-human_decline_bot_rise-884000,119,299,fixed_price,102,92.55689000133617
demo-human_decline_bot_rise-884000,119,299,fixed_price,103,87.57242313281213
demo-human_decline_bot_rise-884000,119,299,fixed_price,104,74.48431221548302
demo-human_decline_bot_rise-884000,119,299,fixed_price,105,137.94676261213644
demo-human_decline_bot_rise-884000,119,299,fixed_price,106,16.811912431106048
demo-human_decline_bot_rise-884000,119,299,fixed_price,107,55.06779914745738
demo-human_decline_bot_rise-884000,119,299,fixed_price,108,119.4351304040062
demo-human_decline_bot_rise-884000,119,299,fixed_price,109,81.37335253906312
demo-human_decline_bot_rise-884000,119,299,fixed_price,110,124.78709066419015
demo-human_decline_bot_rise-884000,119,299,fixed_price,111,71.3195924795618
demo-human_decline_bot_rise-884000,119,299,fixed_price,112,75.59851458904376
demo-human_decline_bot_rise-884000,119,299,fixed_price,113,76.65838391670918
demo-human_decline_bot_rise-884000,119,299,fixed_price,114,111.50047769620781
demo-human_decline_bot_rise-884000,119,299,fixed_price,115,194.3042532157383
demo-human_decline_bot_rise-884000,119,299,fixed_price,116,46.216350742131375
demo-human_decline_bot_rise-884000,119,299,fixed_price,117,84.71906629639142
demo-human_decline_bot_rise-884000,119,299,fixed_price,118,48.306222697633
demo-human_decline_bot_rise-884000,119,299,fixed_price,119,126.90066804588909
demo-human_decline_bot_rise-884000,119,299,fixed_price,120,221.88952241142323
demo-human_decline_bot_rise-884000,119,299,fixed_price,121,103.55005586493297
demo-human_decline_bot_rise-884000,119,299,fixed_price,122,80.68975704740063
demo-human_decline_bot_rise-884000,119,299,fixed_price,123,23.40096162500239
demo-human_decline_bot_rise-884000,119,299,fixed_price,124,247.50581791856686
demo-human_decline_bot_rise-884000,119,299,fixed_price,125,107.0123359012784
demo-human_decline_bot_rise-884000,119,299,fixed_price,126,132.94556615542476
demo-human_decline_bot_rise-884000,119,299,fixed_price,127,81.77728577818604
demo-human_decline_bot_rise-884000,119,299,fixed_price,128,61.54150698963284
demo-human_decline_bot_rise-884000,119,299,fixed_price,129,76.02907328803158
demo-human_decline_bot_rise-884000,119,299,fixed_price,130,283.97741621346086
demo-human_decline_bot_rise-884000,119,299,fixed_price,131,55.99274213744606
demo-human_decline_bot_rise-884000,119,299,fixed_price,132,69.15353270682739
demo-human_decline_bot_rise-884000,119,299,fixed_price,133,148.61316664423978
demo-human_decline_bot_rise-884000,119,299,fixed_price,134,140.00024077671412
demo-human_decline_bot_rise-884000,119,299,fixed_price,135,92.8595267796758
demo-human_decline_bot_rise-884000,119,299,fixed_price,136,72.27099234501046
demo-human_decline_bot_rise-884000,119,299,fixed_price,137,124.23692213930681
demo-human_decline_bot_rise-884000,119,299,fixed_price,138,143.2687248767069
demo-human_decline_bot_rise-884000,119,299,fixed_price,139,93.53672676655424
demo-human_decline_bot_rise-884000,119,299,fixed_price,140,99.41103824726929
demo-human_decline_bot_rise-884000,119,299,fixed_price,141,112.4130480747736
demo-human_decline_bot_rise-884000,119,299,fixed_price,142,311.3608095381055
demo-human_decline_bot_rise-884000,119,299,fixed_price,143,79.6865324318418
demo-human_decline_bot_rise-884000,119,299,fixed_price,144,112.08957675689749
demo-human_decline_bot_rise-884000,119,299,fixed_price,145,82.4507728669526
demo-human_decline_bot_rise-884000,119,299,fixed_price,146,59.8395478492769
demo-human_decline_bot_rise-884000,119,299,fixed_price,147,57.7056135693477
demo-human_decline_bot_rise-884000,119,299,fixed_price,148,92.37412533262795
demo-human_decline_bot_rise-884000,119,299,fixed_price,149,108.76102377145494
demo-human_decline_bot_rise-884000,119,299,fixed_price,150,118.14618868265782
demo-human_decline_bot_rise-884000,119,299,fixed_price,151,95.88061090732714
demo-human_decline_bot_rise-884000,119,299,fixed_price,152,60.65987808561992
demo-human_decline_bot_rise-884000,119,299,fixed_price,153,113.36036275968789
demo-human_decline_bot_rise-884000,119,299,fixed_price,154,203.1416943037739
demo-human_decline_bot_rise-884000,119,299,fixed_price,155,66.7290198027128
demo-human_decline_bot_rise-884000,119,299,fixed_price,156,32.52456735549397
demo-human_decline_bot_rise-884000,119,299,fixed_price,157,75.64788094179836
demo-human_decline_bot_rise-884000,119,299,fixed_price,158,75.54447863248035
demo-human_decline_bot_rise-884000,119,299,fixed_price,159,159.17926127299006
demo-human_decline_bot_rise-884000,119,299,fixed_price,160,151.36630547097374
demo-human_decline_bot_rise-884000,119,299,fixed_price,161,120.32173526232708
demo-human_decline_bot_rise-884000,119,299,fixed_price,162,119.04561378520606
demo-human_decline_bot_rise-884000,119,299,fixed_price,163,101.56467084985175
demo-human_decline_bot_rise-884000,119,299,fixed_price,164,218.12800387781246
demo-human_decline_bot_rise-884000,119,299,fixed_price,165,117.11807271487035
demo-human_decline_bot_rise-884000,119,299,fixed_price,166,42.03533329583873
demo-human_decline_bot_rise-884000,119,299,fixed_price,167,66.67146130761019
demo-human_decline_bot_rise-884000,119,299,fixed_price,168,113.3637481780787
demo-human_decline_bot_rise-884000,119,299,fixed_price,169,114.67986289533997
demo-human_decline_bot_rise-884000,119,299,fixed_price,170,240.7562719884675
demo-human_decline_bot_rise-884000,119,299,fixed_price,171,129.54886442281958
demo-human_decline_bot_rise-884000,119,299,fixed_price,172,81.05576526548117
demo-human_decline_bot_rise-884000,119,299,fixed_price,173,123.96307451663306
demo-human_decline_bot_rise-884000,119,299,fixed_price,174,309.915959721475
demo-human_decline_bot_rise-884000,119,299,fixed_price,175,93.86025501283358
demo-human_decline_bot_rise-884000,119,299,fixed_price,176,141.23872008678865
demo-human_decline_bot_rise-884000,119,299,fixed_price,177,69.44442086630548
demo-human_decline_bot_rise-884000,119,299,fixed_price,178,53.396114587826474
demo-human_decline_bot_rise-884000,119,299,fixed_price,179,140.92926567039376
demo-human_decline_bot_rise-884000,119,299,fixed_price,180,144.49126808282963
demo-human_decline_bot_rise-884000,119,299,fixed_price,181,101.9192553113401
demo-human_decline_bot_rise-884000,119,299,fixed_price,182,137.66160613241465
demo-human_decline_bot_rise-884000,119,299,fixed_price,183,74.6055978302297
demo-human_decline_bot_rise-884000,119,299,fixed_price,184,116.46261208293029
demo-human_decline_bot_rise-884000,119,299,fixed_price,185,83.55899679928098
demo-human_decline_bot_rise-884000,119,299,fixed_price,186,111.82505228674441
demo-human_decline_bot_rise-884000,119,299,fixed_price,187,82.61561971859199
demo-human_decline_bot_rise-884000,119,299,fixed_price,188,196.05748485793947
demo-human_decline_bot_rise-884000,119,299,fixed_price,189,184.01829042455725
demo-human_decline_bot_rise-884000,119,299,fixed_price,190,178.2600226137829
demo-human_decline_bot_rise-884000,119,299,fixed_price,191,119.9848920275848
demo-human_decline_bot_rise-884000,119,299,fixed_price,192,48.95165333637357
demo-human_decline_bot_rise-884000,119,299,fixed_price,193,150.2539816374926
demo-human_decline_bot_rise-884000,119,299,fixed_price,194,30.924316839071693
demo-human_decline_bot_rise-884000,119,299,fixed_price,195,140.60935376028434
demo-human_decline_bot_rise-884000,119,299,fixed_price,196,51.28422575021756
demo-human_decline_bot_rise-884000,119,299,fixed_price,197,66.1513356293733
demo-human_decline_bot_rise-884000,119,299,fixed_price,198,67.89646161296554
demo-human_decline_bot_rise-884000,119,299,fixed_price,199,257.60693906315305
demo-human_decline_bot_rise-884000,119,299,fixed_price,200,71.23232857619804
demo-human_decline_bot_rise-884000,119,299,fixed_price,201,69.69507374652511
demo-human_decline_bot_rise-884000,119,299,fixed_price,202,40.130097136034735
demo-human_decline_bot_rise-884000,119,299,fixed_price,203,66.83589671104406
demo-human_decline_bot_rise-884000,119,299,fixed_price,204,116.68421735674681
demo-human_decline_bot_rise-884000,119,299,fixed_price,205,89.98228326490789
demo-human_decline_bot_rise-884000,119,299,fixed_price,206,105.47490042343179
demo-human_decline_bot_rise-884000,119,299,fixed_price,207,189.79850054998062
demo-human_decline_bot_rise-884000,119,299,fixed_price,208,114.41654784723607
demo-human_decline_bot_rise-884000,119,299,fixed_price,209,159.85222591200971
demo-human_decline_bot_rise-884000,119,299,fixed_price,210,50.6276515399836
demo-human_decline_bot_rise-884000,119,299,fixed_price,211,111.98605398952515
demo-human_decline_bot_rise-884000,119,299,fixed_price,212,99.34756951044997
demo-human_decline_bot_rise-884000,119,299,fixed_price,213,131.76146171772575
demo-human_decline_bot_rise-884000,119,299,fixed_price,214,153.61505500365317
demo-human_decline_bot_rise-884000,119,299,fixed_price,215,207.1708106829353
demo-human_decline_bot_rise-884000,119,299,fixed_price,216,135.16565260873702
demo-human_decline_bot_rise-884000,119,299,fixed_price,217,142.93524720246165
demo-human_decline_bot_rise-884000,119,299,fixed_price,218,106.9474483725385
demo-human_decline_bot_rise-884000,119,299,fixed_price,219,53.34381245751458
demo-human_decline_bot_rise-884000,119,299,fixed_price,220,86.6430222498706
demo-human_decline_bot_rise-884000,119,299,fixed_price,221,128.24967595715364
demo-human_decline_bot_rise-884000,119,299,fixed_price,222,94.68681552202759
demo-human_decline_bot_rise-884000,119,299,fixed_price,223,75.54889972919025
demo-human_decline_bot_rise-884000,119,299,fixed_price,224,286.13857342620446
demo-human_decline_bot_rise-884000,119,299,fixed_price,225,141.9330777829953
demo-human_decline_bot_rise-884000,119,299,fixed_price,226,94.3088735228014
demo-human_decline_bot_rise-884000,119,299,fixed_price,227,106.87447028085612
demo-human_decline_bot_rise-884000,119,299,fixed_price,228,42.86585173376648
demo-human_decline_bot_rise-884000,119,299,fixed_price,229,182.14465364584572
demo-human_decline_bot_rise-884000,119,299,fixed_price,230,129.8301796941643
demo-human_decline_bot_rise-884000,119,299,fixed_price,231,214.18727294811066
demo-human_decline_bot_rise-884000,119,299,fixed_price,232,69.95921476707795
demo-human_decline_bot_rise-884000,119,299,fixed_price,233,128.22655765679625
demo-human_decline_bot_rise-884000,119,299,fixed_price,234,29.32148850258338
demo-human_decline_bot_rise-884000,119,299,fixed_price,235,154.74331460046065
demo-human_decline_bot_rise-884000,119,299,fixed_price,236,116.6419177118492
demo-human_decline_bot_rise-884000,119,299,fixed_price,237,60.38674609710316
demo-human_decline_bot_rise-884000,119,299,fixed_price,238,104.50040760310165
demo-human_decline_bot_rise-884000,119,299,fixed_price,239,61.23345759184041
demo-human_decline_bot_rise-884000,119,299,fixed_price,240,66.39518286943428
demo-human_decline_bot_rise-884000,119,299,fixed_price,241,123.46947704103732
demo-human_decline_bot_rise-884000,119,299,fixed_price,242,166.52708377921581
demo-human_decline_bot_rise-884000,119,299,fixed_price,243,149.72406827502772
demo-human_decline_bot_rise-884000,119,299,fixed_price,244,162.1471524852378
demo-human_decline_bot_rise-884000,119,299,fixed_price,245,25.520913985138385
demo-human_decline_bot_rise-884000,119,299,fixed_price,246,171.00788701143128
demo-human_decline_bot_rise-884000,119,299,fixed_price,247,139.58676761496804
demo-human_decline_bot_rise-884000,119,299,fixed_price,248,72.9340100751162
demo-human_decline_bot_rise-884000,119,299,fixed_price,249,81.21210028507286
demo-human_decline_bot_rise-884000,119,299,fixed_price,250,227.5261150637016
demo-human_decline_bot_rise-884000,119,299,fixed_price,251,81.43630049824293
demo-human_decline_bot_rise-884000,119,299,fixed_price,252,175.2483607613181
demo-human_decline_bot_rise-884000,119,299,fixed_price,253,124.3415995236157
demo-human_decline_bot_rise-884000,119,299,fixed_price,254,143.23030914846115
demo-human_decline_bot_rise-884000,119,299,fixed_price,255,137.19701240015058
demo-human_decline_bot_rise-884000,119,299,continue_recent_trend,0,60.16132685999359
demo-human_decline_bot_rise-884000,119,299,continue_recent_trend,1,271.6665278417431
demo-human_decline_bot_rise-884000,119,299,continue_recent_trend,2,33.79766701495182
demo-human_decline_bot_rise-884000,119,299,continue_recent_trend,3,-55.8547565243228
demo-human_decline_bot_rise-884000,119,299,continue_recent_trend,4,-4.708385325838293
demo-human_decline_bot_rise-884000,119,299,continue_recent_trend,5,730.442914566159
demo-human_decline_bot_rise-884000,119,299,continue_recent_trend,6,66.28644495921476
demo-human_decline_bot_rise-884000,119,299,continue_recent_trend,7,-31.147677650902132
demo-human_decline_bot_rise-884000,119,299,continue_recent_trend,8,113.70693866540881
demo-human_decline_bot_rise-884000,119,299,continue_recent_trend,9,-4.485291691965433
demo-human_decline_bot_rise-884000,119,299,continue_recent_trend,10,-40.50741920469263
demo-human_decline_bot_rise-884000,119,299,continue_recent_trend,11,79.26837656922396
demo-human_decline_bot_rise-884000,119,299,continue_recent_trend,12,72.38429300429956
demo-human_decline_bot_rise-884000,119,299,continue_recent_trend,13,-43.96541201361212
demo-human_decline_bot_rise-884000,119,299,continue_recent_trend,14,99.75029297123089
demo-human_decline_bot_rise-884000,119,299,continue_recent_trend,15,102.73875605746235
demo-human_decline_bot_rise-884000,119,299,continue_recent_trend,16,1169.0920227293846
demo-human_decline_bot_rise-884000,119,299,continue_recent_trend,17,-9.708051135718293
demo-human_decline_bot_rise-884000,119,299,continue_recent_trend,18,310.1663953807937
demo-human_decline_bot_rise-884000,119,299,continue_recent_trend,19,212.24368260576105
demo-human_decline_bot_rise-884000,119,299,continue_recent_trend,20,42.92505424843653
demo-human_decline_bot_rise-884000,119,299,continue_recent_trend,21,28.64453497833485
demo-human_decline_bot_rise-884000,119,299,continue_recent_trend,22,-41.79228497055628
demo-human_decline_bot_rise-884000,119,299,continue_recent_trend,23,-22.336720180970875
demo-human_decline_bot_rise-884000,119,299,continue_recent_trend,24,204.30740752999213
demo-human_decline_bot_rise-884000,119,299,continue_recent_trend,25,-92.46120429369353
demo-human_decline_bot_rise-884000,119,299,continue_recent_trend,26,298.2962997659578
demo-human_decline_bot_rise-884000,119,299,continue_recent_trend,27,175.72516140520725
demo-human_decline_bot_rise-884000,119,299,continue_recent_trend,28,-18.900644372002333
demo-human_decline_bot_rise-884000,119,299,continue_recent_trend,29,-11.667016742388142
demo-human_decline_bot_rise-884000,119,299,continue_recent_trend,30,479.7072669422712
demo-human_decline_bot_rise-884000,119,299,continue_recent_trend,31,208.56202890127184
demo-human_decline_bot_rise-884000,119,299,continue_recent_trend,32,24.169299183632106
demo-human_decline_bot_rise-884000,119,299,continue_recent_trend,33,35.0314990883708
demo-human_decline_bot_rise-884000,119,299,continue_recent_trend,34,-60.3551904208859
demo-human_decline_bot_rise-884000,119,299,continue_recent_trend,35,-15.70342066486974
demo-human_decline_bot_rise-884000,119,299,continue_recent_trend,36,-4.295863424041887
demo-human_decline_bot_rise-884000,119,299,continue_recent_trend,37,-80.0331067234788
demo-human_decline_bot_rise-884000,119,299,continue_recent_trend,38,-19.5518089551555
demo-human_decline_bot_rise-884000,119,299,continue_recent_trend,39,-28.19109280075264
demo-human_decline_bot_rise-884000,119,299,continue_recent_trend,40,-6.244475453721407
demo-human_decline_bot_rise-884000,119,299,continue_recent_trend,41,-22.887696619811486
demo-human_decline_bot_rise-884000,119,299,continue_recent_trend,42,10.512515751994407
demo-human_decline_bot_rise-884000,119,299,continue_recent_trend,43,-4.002537668154
demo-human_decline_bot_rise-884000,119,299,continue_recent_trend,44,55.87687297761341
demo-human_decline_bot_rise-884000,119,299,continue_recent_trend,45,73.61881410636353
demo-human_decline_bot_rise-884000,119,299,continue_recent_trend,46,352.6283269881351
demo-human_decline_bot_rise-884000,119,299,continue_recent_trend,47,-22.62527462006535
demo-human_decline_bot_rise-884000,119,299,continue_recent_trend,48,330.0130951403178
demo-human_decline_bot_rise-884000,119,299,continue_recent_trend,49,26.155161181675425
demo-human_decline_bot_rise-884000,119,299,continue_recent_trend,50,97.13752645345932
demo-human_decline_bot_rise-884000,119,299,continue_recent_trend,51,11.263505199354405
demo-human_decline_bot_rise-884000,119,299,continue_recent_trend,52,255.5232128141669
demo-human_decline_bot_rise-884000,119,299,continue_recent_trend,53,-66.72919692457137
demo-human_decline_bot_rise-884000,119,299,continue_recent_trend,54,3.261347189261553
demo-human_decline_bot_rise-884000,119,299,continue_recent_trend,55,61.42873305826121
demo-human_decline_bot_rise-884000,119,299,continue_recent_trend,56,243.3430748961814
demo-human_decline_bot_rise-884000,119,299,continue_recent_trend,57,189.88306288065078
demo-human_decline_bot_rise-884000,119,299,continue_recent_trend,58,302.390583137064
demo-human_decline_bot_rise-884000,119,299,continue_recent_trend,59,-33.282294876771196
demo-human_decline_bot_rise-884000,119,299,continue_recent_trend,60,460.86988778441093
demo-human_decline_bot_rise-884000,119,299,continue_recent_trend,61,215.57173402159214
demo-human_decline_bot_rise-884000,119,299,continue_recent_trend,62,-2.983565052538708
demo-human_decline_bot_rise-884000,119,299,continue_recent_trend,63,5.695387427150717
demo-human_decline_bot_rise-884000,119,299,continue_recent_trend,64,109.36120241011932
demo-human_decline_bot_rise-884000,119,299,continue_recent_trend,65,-12.167475886073586
demo-human_decline_bot_rise-884000,119,299,continue_recent_trend,66,36.518117221452776
demo-human_decline_bot_rise-884000,119,299,continue_recent_trend,67,54.78116838034485
demo-human_decline_bot_rise-884000,119,299,continue_recent_trend,68,39.7650665958319
demo-human_decline_bot_rise-884000,119,299,continue_recent_trend,69,27.435380028415118
demo-human_decline_bot_rise-884000,119,299,continue_recent_trend,70,-62.57578828803351
demo-human_decline_bot_rise-884000,119,299,continue_recent_trend,71,-22.649035651607388
demo-human_decline_bot_rise-884000,119,299,continue_recent_trend,72,-71.81342192029894
demo-human_decline_bot_rise-884000,119,299,continue_recent_trend,73,57.90464024690459
demo-human_decline_bot_rise-884000,119,299,continue_recent_trend,74,-65.30199027044168
demo-human_decline_bot_rise-884000,119,299,continue_recent_trend,75,27.243540819021952
demo-human_decline_bot_rise-884000,119,299,continue_recent_trend,76,41.78041131363569
demo-human_decline_bot_rise-884000,119,299,continue_recent_trend,77,-12.855039750242247
demo-human_decline_bot_rise-884000,119,299,continue_recent_trend,78,243.9792682761768
demo-human_decline_bot_rise-884000,119,299,continue_recent_trend,79,264.5094090485168
demo-human_decline_bot_rise-884000,119,299,continue_recent_trend,80,-4.688452214887356
demo-human_decline_bot_rise-884000,119,299,continue_recent_trend,81,-62.51485515565709
demo-human_decline_bot_rise-884000,119,299,continue_recent_trend,82,17.524442828569203
demo-human_decline_bot_rise-884000,119,299,continue_recent_trend,83,60.0030444634943
demo-human_decline_bot_rise-884000,119,299,continue_recent_trend,84,346.67812921829534
demo-human_decline_bot_rise-884000,119,299,continue_recent_trend,85,0.8962339081481936
demo-human_decline_bot_rise-884000,119,299,continue_recent_trend,86,243.49031036412396
demo-human_decline_bot_rise-884000,119,299,continue_recent_trend,87,-90.03517058186644
demo-human_decline_bot_rise-884000,119,299,continue_recent_trend,88,124.42382495369176
demo-human_decline_bot_rise-884000,119,299,continue_recent_trend,89,-44.53470500574381
demo-human_decline_bot_rise-884000,119,299,continue_recent_trend,90,-84.74156931905635
demo-human_decline_bot_rise-884000,119,299,continue_recent_trend,91,47.85004260108763
demo-human_decline_bot_rise-884000,119,299,continue_recent_trend,92,61.224114240172796
demo-human_decline_bot_rise-884000,119,299,continue_recent_trend,93,1.6774923031793492
demo-human_decline_bot_rise-884000,119,299,continue_recent_trend,94,164.5232774379084
demo-human_decline_bot_rise-884000,119,299,continue_recent_trend,95,-14.437486867395059
demo-human_decline_bot_rise-884000,119,299,continue_recent_trend,96,-13.764775706907479
demo-human_decline_bot_rise-884000,119,299,continue_recent_trend,97,335.62472350329983
demo-human_decline_bot_rise-884000,119,299,continue_recent_trend,98,39.01126442157962
demo-human_decline_bot_rise-884000,119,299,continue_recent_trend,99,-37.515637613468954
demo-human_decline_bot_rise-884000,119,299,continue_recent_trend,100,81.120409438493
demo-human_decline_bot_rise-884000,119,299,continue_recent_trend,101,-66.6932437200152
demo-human_decline_bot_rise-884000,119,299,continue_recent_trend,102,8.695817608499802
demo-human_decline_bot_rise-884000,119,299,continue_recent_trend,103,100.16811688907285
demo-human_decline_bot_rise-884000,119,299,continue_recent_trend,104,1.0829905784904952
demo-human_decline_bot_rise-884000,119,299,continue_recent_trend,105,70.57077352393367
demo-human_decline_bot_rise-884000,119,299,continue_recent_trend,106,-48.13417397035772
demo-human_decline_bot_rise-884000,119,299,continue_recent_trend,107,-79.98838240480998
demo-human_decline_bot_rise-884000,119,299,continue_recent_trend,108,52.40303771685351
demo-human_decline_bot_rise-884000,119,299,continue_recent_trend,109,-36.00905303858384
demo-human_decline_bot_rise-884000,119,299,continue_recent_trend,110,20.382092182641482
demo-human_decline_bot_rise-884000,119,299,continue_recent_trend,111,-61.27738071892286
demo-human_decline_bot_rise-884000,119,299,continue_recent_trend,112,103.1928328571324
demo-human_decline_bot_rise-884000,119,299,continue_recent_trend,113,9.982882525407529
demo-human_decline_bot_rise-884000,119,299,continue_recent_trend,114,-31.07090878070879
demo-human_decline_bot_rise-884000,119,299,continue_recent_trend,115,99.04455891660643
demo-human_decline_bot_rise-884000,119,299,continue_recent_trend,116,54.75731958076091
demo-human_decline_bot_rise-884000,119,299,continue_recent_trend,117,123.70381402849992
demo-human_decline_bot_rise-884000,119,299,continue_recent_trend,118,-29.543467993210967
demo-human_decline_bot_rise-884000,119,299,continue_recent_trend,119,1794.3348624484474
demo-human_decline_bot_rise-884000,119,299,continue_recent_trend,120,108.43277577225095
demo-human_decline_bot_rise-884000,119,299,continue_recent_trend,121,389.9591896493436
demo-human_decline_bot_rise-884000,119,299,continue_recent_trend,122,-40.379982937462756
demo-human_decline_bot_rise-884000,119,299,continue_recent_trend,123,-77.94714372073942
demo-human_decline_bot_rise-884000,119,299,continue_recent_trend,124,64.40219468497187
demo-human_decline_bot_rise-884000,119,299,continue_recent_trend,125,-35.503064999654924
demo-human_decline_bot_rise-884000,119,299,continue_recent_trend,126,316.47534180865637
demo-human_decline_bot_rise-884000,119,299,continue_recent_trend,127,-20.96918446506183
demo-human_decline_bot_rise-884000,119,299,continue_recent_trend,128,85.65524053219019
demo-human_decline_bot_rise-884000,119,299,continue_recent_trend,129,-13.247347549357674
demo-human_decline_bot_rise-884000,119,299,continue_recent_trend,130,56.29585539433683
demo-human_decline_bot_rise-884000,119,299,continue_recent_trend,131,40.48045915777846
demo-human_decline_bot_rise-884000,119,299,continue_recent_trend,132,12.087143183439178
demo-human_decline_bot_rise-884000,119,299,continue_recent_trend,133,46.18990946839944
demo-human_decline_bot_rise-884000,119,299,continue_recent_trend,134,-41.303043960494506
demo-human_decline_bot_rise-884000,119,299,continue_recent_trend,135,-44.58072788148431
demo-human_decline_bot_rise-884000,119,299,continue_recent_trend,136,-34.48188055691911
demo-human_decline_bot_rise-884000,119,299,continue_recent_trend,137,104.65095019221911
demo-human_decline_bot_rise-884000,119,299,continue_recent_trend,138,18.731158616964212
demo-human_decline_bot_rise-884000,119,299,continue_recent_trend,139,-40.00286859240782
demo-human_decline_bot_rise-884000,119,299,continue_recent_trend,140,-3.7595911321515736
demo-human_decline_bot_rise-884000,119,299,continue_recent_trend,141,250.30412925191058
demo-human_decline_bot_rise-884000,119,299,continue_recent_trend,142,552.1917800639753
demo-human_decline_bot_rise-884000,119,299,continue_recent_trend,143,-44.37024925757089
demo-human_decline_bot_rise-884000,119,299,continue_recent_trend,144,16.2793730472373
demo-human_decline_bot_rise-884000,119,299,continue_recent_trend,145,72.59697515323612
demo-human_decline_bot_rise-884000,119,299,continue_recent_trend,146,38.80876624877066
demo-human_decline_bot_rise-884000,119,299,continue_recent_trend,147,-62.96338085115066
demo-human_decline_bot_rise-884000,119,299,continue_recent_trend,148,297.0952885019314
demo-human_decline_bot_rise-884000,119,299,continue_recent_trend,149,156.14660659302203
demo-human_decline_bot_rise-884000,119,299,continue_recent_trend,150,91.64678912230838
demo-human_decline_bot_rise-884000,119,299,continue_recent_trend,151,-10.709037465941432
demo-human_decline_bot_rise-884000,119,299,continue_recent_trend,152,72.84830069229463
demo-human_decline_bot_rise-884000,119,299,continue_recent_trend,153,431.01492319763463
demo-human_decline_bot_rise-884000,119,299,continue_recent_trend,154,47.73283073164176
demo-human_decline_bot_rise-884000,119,299,continue_recent_trend,155,20.560627809928018
demo-human_decline_bot_rise-884000,119,299,continue_recent_trend,156,-34.226169842696365
demo-human_decline_bot_rise-884000,119,299,continue_recent_trend,157,-53.22330566871885
demo-human_decline_bot_rise-884000,119,299,continue_recent_trend,158,16.34886771659737
demo-human_decline_bot_rise-884000,119,299,continue_recent_trend,159,-50.55385549852463
demo-human_decline_bot_rise-884000,119,299,continue_recent_trend,160,70.17059090845592
demo-human_decline_bot_rise-884000,119,299,continue_recent_trend,161,-9.309507526185392
demo-human_decline_bot_rise-884000,119,299,continue_recent_trend,162,90.80273494245102
demo-human_decline_bot_rise-884000,119,299,continue_recent_trend,163,315.38606797110333
demo-human_decline_bot_rise-884000,119,299,continue_recent_trend,164,118.7646893760878
demo-human_decline_bot_rise-884000,119,299,continue_recent_trend,165,-77.4639520169421
demo-human_decline_bot_rise-884000,119,299,continue_recent_trend,166,40.255189750222144
demo-human_decline_bot_rise-884000,119,299,continue_recent_trend,167,2.133615958052239
demo-human_decline_bot_rise-884000,119,299,continue_recent_trend,168,164.64874286916137
demo-human_decline_bot_rise-884000,119,299,continue_recent_trend,169,109.86489196102596
demo-human_decline_bot_rise-884000,119,299,continue_recent_trend,170,382.5870696888737
demo-human_decline_bot_rise-884000,119,299,continue_recent_trend,171,-12.390659593147188
demo-human_decline_bot_rise-884000,119,299,continue_recent_trend,172,60.824030038896
demo-human_decline_bot_rise-884000,119,299,continue_recent_trend,173,220.07590821765905
demo-human_decline_bot_rise-884000,119,299,continue_recent_trend,174,1863.7858160989485
demo-human_decline_bot_rise-884000,119,299,continue_recent_trend,175,47.40701493851735
demo-human_decline_bot_rise-884000,119,299,continue_recent_trend,176,57.750555909139145
demo-human_decline_bot_rise-884000,119,299,continue_recent_trend,177,-45.268574680486076
demo-human_decline_bot_rise-884000,119,299,continue_recent_trend,178,99.60154510116459
demo-human_decline_bot_rise-884000,119,299,continue_recent_trend,179,2.3977856145097896
demo-human_decline_bot_rise-884000,119,299,continue_recent_trend,180,21.24483519702028
demo-human_decline_bot_rise-884000,119,299,continue_recent_trend,181,51.782870921591154
demo-human_decline_bot_rise-884000,119,299,continue_recent_trend,182,141.0096788604253
demo-human_decline_bot_rise-884000,119,299,continue_recent_trend,183,-16.108563737609156
demo-human_decline_bot_rise-884000,119,299,continue_recent_trend,184,49.75968423999009
demo-human_decline_bot_rise-884000,119,299,continue_recent_trend,185,-52.32981984398693
demo-human_decline_bot_rise-884000,119,299,continue_recent_trend,186,65.76124895133306
demo-human_decline_bot_rise-884000,119,299,continue_recent_trend,187,-1.7838057411890844
demo-human_decline_bot_rise-884000,119,299,continue_recent_trend,188,772.0252406580071
demo-human_decline_bot_rise-884000,119,299,continue_recent_trend,189,-2.510748094623743
demo-human_decline_bot_rise-884000,119,299,continue_recent_trend,190,597.3511689805244
demo-human_decline_bot_rise-884000,119,299,continue_recent_trend,191,-0.7908618036494843
demo-human_decline_bot_rise-884000,119,299,continue_recent_trend,192,-93.03479294066642
demo-human_decline_bot_rise-884000,119,299,continue_recent_trend,193,199.02512575768188
demo-human_decline_bot_rise-884000,119,299,continue_recent_trend,194,70.98927146688223
demo-human_decline_bot_rise-884000,119,299,continue_recent_trend,195,83.87124968811443
demo-human_decline_bot_rise-884000,119,299,continue_recent_trend,196,-24.518812058069024
demo-human_decline_bot_rise-884000,119,299,continue_recent_trend,197,-1.6084034069096091
demo-human_decline_bot_rise-884000,119,299,continue_recent_trend,198,52.07985293180958
demo-human_decline_bot_rise-884000,119,299,continue_recent_trend,199,-7.756793132605097
demo-human_decline_bot_rise-884000,119,299,continue_recent_trend,200,-26.347724377823834
demo-human_decline_bot_rise-884000,119,299,continue_recent_trend,201,100.5871665577805
demo-human_decline_bot_rise-884000,119,299,continue_recent_trend,202,57.36696065557555
demo-human_decline_bot_rise-884000,119,299,continue_recent_trend,203,291.07386119174765
demo-human_decline_bot_rise-884000,119,299,continue_recent_trend,204,2.8973224476745685
demo-human_decline_bot_rise-884000,119,299,continue_recent_trend,205,138.5402762662394
demo-human_decline_bot_rise-884000,119,299,continue_recent_trend,206,-57.58042787696661
demo-human_decline_bot_rise-884000,119,299,continue_recent_trend,207,107.82619138935723
demo-human_decline_bot_rise-884000,119,299,continue_recent_trend,208,37.05603112511393
demo-human_decline_bot_rise-884000,119,299,continue_recent_trend,209,80.47467717364022
demo-human_decline_bot_rise-884000,119,299,continue_recent_trend,210,43.38801465925753
demo-human_decline_bot_rise-884000,119,299,continue_recent_trend,211,64.21557316183096
demo-human_decline_bot_rise-884000,119,299,continue_recent_trend,212,290.4041683166263
demo-human_decline_bot_rise-884000,119,299,continue_recent_trend,213,-1.473955491954701
demo-human_decline_bot_rise-884000,119,299,continue_recent_trend,214,-25.632213937559047
demo-human_decline_bot_rise-884000,119,299,continue_recent_trend,215,828.8659694844175
demo-human_decline_bot_rise-884000,119,299,continue_recent_trend,216,11.338570438862977
demo-human_decline_bot_rise-884000,119,299,continue_recent_trend,217,137.18402019887205
demo-human_decline_bot_rise-884000,119,299,continue_recent_trend,218,81.38113832574552
demo-human_decline_bot_rise-884000,119,299,continue_recent_trend,219,-75.95917281662072
demo-human_decline_bot_rise-884000,119,299,continue_recent_trend,220,-32.62459327490289
demo-human_decline_bot_rise-884000,119,299,continue_recent_trend,221,131.5688249330529
demo-human_decline_bot_rise-884000,119,299,continue_recent_trend,222,312.62257229143574
demo-human_decline_bot_rise-884000,119,299,continue_recent_trend,223,405.6662644500658
demo-human_decline_bot_rise-884000,119,299,continue_recent_trend,224,31.635008186093714
demo-human_decline_bot_rise-884000,119,299,continue_recent_trend,225,492.531214098375
demo-human_decline_bot_rise-884000,119,299,continue_recent_trend,226,56.38200116226629
demo-human_decline_bot_rise-884000,119,299,continue_recent_trend,227,-24.42768024750086
demo-human_decline_bot_rise-884000,119,299,continue_recent_trend,228,-40.58255985592143
demo-human_decline_bot_rise-884000,119,299,continue_recent_trend,229,300.2519435184547
demo-human_decline_bot_rise-884000,119,299,continue_recent_trend,230,-78.26026422348204
demo-human_decline_bot_rise-884000,119,299,continue_recent_trend,231,58.95097261563694
demo-human_decline_bot_rise-884000,119,299,continue_recent_trend,232,-38.18702304299787
demo-human_decline_bot_rise-884000,119,299,continue_recent_trend,233,48.24370678375187
demo-human_decline_bot_rise-884000,119,299,continue_recent_trend,234,-72.45110026284443
demo-human_decline_bot_rise-884000,119,299,continue_recent_trend,235,-45.37120978410437
demo-human_decline_bot_rise-884000,119,299,continue_recent_trend,236,650.439545537288
demo-human_decline_bot_rise-884000,119,299,continue_recent_trend,237,46.57323547498486
demo-human_decline_bot_rise-884000,119,299,continue_recent_trend,238,25.750766609189785
demo-human_decline_bot_rise-884000,119,299,continue_recent_trend,239,-46.101001230749986
demo-human_decline_bot_rise-884000,119,299,continue_recent_trend,240,172.3389832495397
demo-human_decline_bot_rise-884000,119,299,continue_recent_trend,241,-79.82729944292744
demo-human_decline_bot_rise-884000,119,299,continue_recent_trend,242,69.70438586912047
demo-human_decline_bot_rise-884000,119,299,continue_recent_trend,243,52.31604868633273
demo-human_decline_bot_rise-884000,119,299,continue_recent_trend,244,41.203375635771835
demo-human_decline_bot_rise-884000,119,299,continue_recent_trend,245,-50.45243335343622
demo-human_decline_bot_rise-884000,119,299,continue_recent_trend,246,0.7746713837383794
demo-human_decline_bot_rise-884000,119,299,continue_recent_trend,247,49.358808675516755
demo-human_decline_bot_rise-884000,119,299,continue_recent_trend,248,26.469316909563158
demo-human_decline_bot_rise-884000,119,299,continue_recent_trend,249,92.8949951039582
demo-human_decline_bot_rise-884000,119,299,continue_recent_trend,250,686.8896870801082
demo-human_decline_bot_rise-884000,119,299,continue_recent_trend,251,-0.10230375564903227
demo-human_decline_bot_rise-884000,119,299,continue_recent_trend,252,163.932249183737
demo-human_decline_bot_rise-884000,119,299,continue_recent_trend,253,89.93867488434037
demo-human_decline_bot_rise-884000,119,299,continue_recent_trend,254,36.64860277799426
demo-human_decline_bot_rise-884000,119,299,continue_recent_trend,255,-19.018016061846385
