world,scenario,new_source_kind,origin_day,birth_day,cohort_id,n_leads,offered_cpl,total_purchase_cost,mean_margin180,median_margin180,q025_margin180,q975_margin180,p_payback180,p_payback425,p_no_payback425,median_first_payback,draws,future_scenario,input_sha256,quality_inference,cost_scope
demo-cheap_good-884000,cheap_good,good,119,126,new_cheap-b126,100,0.05,5.0,28.440357244262405,24.807534465952266,8.656541275824349,66.11286086114478,1.0,1.0,0.0,4.0,256,hold_current,9931ce56e3f66e40c979190100421e055ce6219609c3c746516dfd626a420d99,identical posterior and common outcome draws across quotes,prospective new cohort only; no existing cost altered
demo-cheap_good-884000,cheap_good,good,119,126,new_cheap-b126,100,0.1,10.0,23.440357244262408,19.807534465952266,3.656541275824349,61.11286086114479,1.0,1.0,0.0,18.0,256,hold_current,9931ce56e3f66e40c979190100421e055ce6219609c3c746516dfd626a420d99,identical posterior and common outcome draws across quotes,prospective new cohort only; no existing cost altered
demo-cheap_good-884000,cheap_good,good,119,126,new_cheap-b126,100,0.15,15.0,18.440357244262408,14.807534465952264,-1.3434587241756508,56.11286086114479,0.9609375,0.96875,0.03125,37.0,256,hold_current,9931ce56e3f66e40c979190100421e055ce6219609c3c746516dfd626a420d99,identical posterior and common outcome draws across quotes,prospective new cohort only; no existing cost altered
demo-cheap_good-884000,cheap_good,good,119,126,new_cheap-b126,100,0.2,20.0,13.440357244262405,9.807534465952264,-6.343458724175651,51.11286086114479,0.85546875,0.87109375,0.12890625,62.0,256,hold_current,9931ce56e3f66e40c979190100421e055ce6219609c3c746516dfd626a420d99,identical posterior and common outcome draws across quotes,prospective new cohort only; no existing cost altered
demo-cheap_good-884000,cheap_good,good,119,126,new_cheap-b126,100,0.3,30.0,3.440357244262406,-0.19246553404773614,-16.34345872417565,41.11286086114479,0.5,0.55859375,0.44140625,177.0,256,hold_current,9931ce56e3f66e40c979190100421e055ce6219609c3c746516dfd626a420d99,identical posterior and common outcome draws across quotes,prospective new cohort only; no existing cost altered
demo-cheap_bad-884000,cheap_bad,bad,119,126,new_cheap-b126,100,0.05,5.0,5.843228610968232,4.651995233202395,-2.725861354219976,20.177372789745565,0.87890625,0.87890625,0.12109375,33.5,256,hold_current,82a7f19f98d637b7cc6c9d31ecb05f0544eb6a4206d2773c38a7475ece7ee263,identical posterior and common outcome draws across quotes,prospective new cohort only; no existing cost altered
demo-cheap_bad-884000,cheap_bad,bad,119,126,new_cheap-b126,100,0.1,10.0,0.8432286109682325,-0.3480047667976054,-7.725861354219976,15.177372789745565,0.50390625,0.5390625,0.4609375,170.0,256,hold_current,82a7f19f98d637b7cc6c9d31ecb05f0544eb6a4206d2773c38a7475ece7ee263,identical posterior and common outcome draws across quotes,prospective new cohort only; no existing cost altered
demo-cheap_bad-884000,cheap_bad,bad,119,126,new_cheap-b126,100,0.15,15.0,-4.156771389031767,-5.348004766797605,-12.725861354219976,10.177372789745565,0.25,0.26953125,0.73046875,,256,hold_current,82a7f19f98d637b7cc6c9d31ecb05f0544eb6a4206d2773c38a7475ece7ee263,identical posterior and common outcome draws across quotes,prospective new cohort only; no existing cost altered
demo-cheap_bad-884000,cheap_bad,bad,119,126,new_cheap-b126,100,0.2,20.0,-9.156771389031768,-10.348004766797605,-17.725861354219976,5.177372789745566,0.09375,0.12109375,0.87890625,,256,hold_current,82a7f19f98d637b7cc6c9d31ecb05f0544eb6a4206d2773c38a7475ece7ee263,identical posterior and common outcome draws across quotes,prospective new cohort only; no existing cost altered
demo-cheap_bad-884000,cheap_bad,bad,119,126,new_cheap-b126,100,0.3,30.0,-19.156771389031768,-20.348004766797608,-27.725861354219976,-4.822627210254434,0.0078125,0.0078125,0.9921875,,256,hold_current,82a7f19f98d637b7cc6c9d31ecb05f0544eb6a4206d2773c38a7475ece7ee263,identical posterior and common outcome draws across quotes,prospective new cohort only; no existing cost altered
