calendar_cutoff,target,scope,origin_age,true_margin180,absolute_mean_error180,covered95_180,truth_first_payback425,prediction_file_sha256
10,middle-w00,target_only,10,1.8555435325017955,5.221659261158765,True,138,317bb4b6d63842903fb5250d48ccf9b7c54fae3421d8d5a8fec760ae1ab3c5ec
10,middle-w00,same_source,10,1.8555435325017955,7.9474649153112,True,138,317bb4b6d63842903fb5250d48ccf9b7c54fae3421d8d5a8fec760ae1ab3c5ec
10,middle-w01,target_only,3,16.421939187257173,13.057537809181772,True,27,317bb4b6d63842903fb5250d48ccf9b7c54fae3421d8d5a8fec760ae1ab3c5ec
10,middle-w01,same_source,3,16.421939187257173,6.8913202543132925,True,27,317bb4b6d63842903fb5250d48ccf9b7c54fae3421d8d5a8fec760ae1ab3c5ec
17,middle-w00,target_only,17,1.8555435325017955,4.773912355240117,True,138,317bb4b6d63842903fb5250d48ccf9b7c54fae3421d8d5a8fec760ae1ab3c5ec
17,middle-w00,same_source,17,1.8555435325017955,20.97515917302776,True,138,317bb4b6d63842903fb5250d48ccf9b7c54fae3421d8d5a8fec760ae1ab3c5ec
17,middle-w02,target_only,3,3.0014063981861225,20.18992884845348,True,76,317bb4b6d63842903fb5250d48ccf9b7c54fae3421d8d5a8fec760ae1ab3c5ec
17,middle-w02,same_source,3,3.0014063981861225,23.323228136092208,True,76,317bb4b6d63842903fb5250d48ccf9b7c54fae3421d8d5a8fec760ae1ab3c5ec
31,middle-w00,target_only,31,1.8555435325017955,1.911854854770009,True,138,317bb4b6d63842903fb5250d48ccf9b7c54fae3421d8d5a8fec760ae1ab3c5ec
31,middle-w00,same_source,31,1.8555435325017955,5.172253817093945,True,138,317bb4b6d63842903fb5250d48ccf9b7c54fae3421d8d5a8fec760ae1ab3c5ec
31,middle-w04,target_only,3,11.162560905256068,11.041703938366002,True,34,317bb4b6d63842903fb5250d48ccf9b7c54fae3421d8d5a8fec760ae1ab3c5ec
31,middle-w04,same_source,3,11.162560905256068,7.695757267659797,True,34,317bb4b6d63842903fb5250d48ccf9b7c54fae3421d8d5a8fec760ae1ab3c5ec
59,middle-w00,target_only,59,1.8555435325017955,0.25686812893038935,True,138,317bb4b6d63842903fb5250d48ccf9b7c54fae3421d8d5a8fec760ae1ab3c5ec
59,middle-w00,same_source,59,1.8555435325017955,0.5646108824440719,True,138,317bb4b6d63842903fb5250d48ccf9b7c54fae3421d8d5a8fec760ae1ab3c5ec
59,middle-w08,target_only,3,1.3822034545440833,3.482738132256676,True,142,317bb4b6d63842903fb5250d48ccf9b7c54fae3421d8d5a8fec760ae1ab3c5ec
59,middle-w08,same_source,3,1.3822034545440833,1.2646961214528813,True,142,317bb4b6d63842903fb5250d48ccf9b7c54fae3421d8d5a8fec760ae1ab3c5ec
87,middle-w00,target_only,87,1.8555435325017955,1.4289140207381725,True,138,317bb4b6d63842903fb5250d48ccf9b7c54fae3421d8d5a8fec760ae1ab3c5ec
87,middle-w00,same_source,87,1.8555435325017955,1.177268041171174,True,138,317bb4b6d63842903fb5250d48ccf9b7c54fae3421d8d5a8fec760ae1ab3c5ec
87,middle-w12,target_only,3,0.6089026694123536,1.5958687689293547,True,95,317bb4b6d63842903fb5250d48ccf9b7c54fae3421d8d5a8fec760ae1ab3c5ec
87,middle-w12,same_source,3,0.6089026694123536,2.43070425692851,True,95,317bb4b6d63842903fb5250d48ccf9b7c54fae3421d8d5a8fec760ae1ab3c5ec
