world_seed,scenario,calendar_cutoff,target,origin_age,scope,cohorts,exposure_rows,observed_event_rows,input_sha256,prior_sha256,draws,draw_seed,forecast_type,evaluation_role,mean180,mean_mcse180,median180,q025_180,q975_180,p_positive180,p_first_payback425,p_no_first_payback425
884901,collapse_tail,10,middle-w00,10,target_only,1,22,35,d2497a602887ce52ef99e82573558780ba5aff586764e5f17ede39ee6e7ae0cc,18c48a7a52618018105a70afe2fd591b344e0ba27a23cdc42fece35567aec337,64,885901,unchanged_v1_posterior_predictive,development_illustration,7.07720279366056,3.059511134534598,-4.145325741655994,-9.44682500049878,86.95807446017048,0.375,0.421875,0.578125
884901,collapse_tail,10,middle-w00,10,same_source,2,30,58,c046aaa59fb92bed1877de30e67c0aa65522e317d10d360cadd21d1f6a938486,18c48a7a52618018105a70afe2fd591b344e0ba27a23cdc42fece35567aec337,64,885901,unchanged_v1_posterior_predictive,development_illustration,9.803008447812996,4.131298329713,-1.9684345716696519,-9.306820661347146,76.48806592796201,0.484375,0.5,0.5
884901,collapse_tail,10,middle-w01,3,target_only,1,8,23,983f8bd1d458b9d812bf1c22303b610c9b8725cb8fe53c4259993daa14e6129d,18c48a7a52618018105a70afe2fd591b344e0ba27a23cdc42fece35567aec337,64,885908,unchanged_v1_posterior_predictive,development_illustration,3.3644013780754007,4.060935853040925,-5.647721366478012,-9.343659319144283,69.04769760347378,0.234375,0.25,0.75
884901,collapse_tail,10,middle-w01,3,same_source,2,30,58,c046aaa59fb92bed1877de30e67c0aa65522e317d10d360cadd21d1f6a938486,18c48a7a52618018105a70afe2fd591b344e0ba27a23cdc42fece35567aec337,64,885908,unchanged_v1_posterior_predictive,development_illustration,9.53061893294388,2.5288017082408247,1.594101232000723,-9.276077145736227,63.506933978165605,0.53125,0.5625,0.4375
884901,collapse_tail,17,middle-w00,17,target_only,1,36,45,c1a65ec130e8708d4ce2e225d46f1f11da24cb12614d2c8cceb1781f4ff04ef3,18c48a7a52618018105a70afe2fd591b344e0ba27a23cdc42fece35567aec337,64,886601,unchanged_v1_posterior_predictive,development_illustration,6.629455887741912,3.1004256173204374,-3.6808248222018722,-8.358902235896183,74.45906075694728,0.359375,0.390625,0.609375
884901,collapse_tail,17,middle-w00,17,same_source,3,66,122,a06335933c4196b61064cb212599e250e2c41279bc1207fdc576789311c1c55d,18c48a7a52618018105a70afe2fd591b344e0ba27a23cdc42fece35567aec337,64,886601,unchanged_v1_posterior_predictive,development_illustration,22.830702705529553,9.609638744292631,1.3458325320100157,-7.997633539010047,256.14735247790213,0.53125,0.578125,0.421875
884901,collapse_tail,17,middle-w02,3,target_only,1,8,29,f5fa3423c5828f5fe585fc0b2dc29b7c3b8287467fc2fea9604f2484b3d62fbe,18c48a7a52618018105a70afe2fd591b344e0ba27a23cdc42fece35567aec337,64,886615,unchanged_v1_posterior_predictive,development_illustration,23.191335246639603,7.230713781262616,2.521217911258692,-9.82049133175508,183.04359603834462,0.59375,0.640625,0.359375
884901,collapse_tail,17,middle-w02,3,same_source,3,66,122,a06335933c4196b61064cb212599e250e2c41279bc1207fdc576789311c1c55d,18c48a7a52618018105a70afe2fd591b344e0ba27a23cdc42fece35567aec337,64,886615,unchanged_v1_posterior_predictive,development_illustration,26.32463453427833,7.694968141398304,5.882107114690127,-9.714156829110689,198.73049443193014,0.625,0.640625,0.359375
884901,collapse_tail,31,middle-w00,31,target_only,1,64,61,489e01e5b91cf15b0abda993cb46466756791b8120e64c9df16bbe88a13be65e,18c48a7a52618018105a70afe2fd591b344e0ba27a23cdc42fece35567aec337,64,888001,unchanged_v1_posterior_predictive,development_illustration,-0.05631132226821345,0.6835764185779267,-2.2435532956016333,-5.455505874883266,16.053657319240163,0.390625,0.421875,0.578125
884901,collapse_tail,31,middle-w00,31,same_source,5,180,297,1e01a4347a39b31f0740f45fd548e7fa42b04a259d79f7ea817640d9cc11043d,18c48a7a52618018105a70afe2fd591b344e0ba27a23cdc42fece35567aec337,64,888001,unchanged_v1_posterior_predictive,development_illustration,7.02779734959574,0.8435720410818567,4.9891742840095965,-1.156981451111133,21.74468995046641,0.90625,0.90625,0.09375
884901,collapse_tail,31,middle-w04,3,target_only,1,8,23,0a5dbcb46b8df628cbace4ee39755c3c4482e5df148d6f57820cafd54f86e406,18c48a7a52618018105a70afe2fd591b344e0ba27a23cdc42fece35567aec337,64,888029,unchanged_v1_posterior_predictive,development_illustration,22.20426484362207,15.320328639102737,-0.36678895178709636,-10.117640938944142,134.0935774747051,0.5,0.515625,0.484375
884901,collapse_tail,31,middle-w04,3,same_source,5,180,297,1e01a4347a39b31f0740f45fd548e7fa42b04a259d79f7ea817640d9cc11043d,18c48a7a52618018105a70afe2fd591b344e0ba27a23cdc42fece35567aec337,64,888029,unchanged_v1_posterior_predictive,development_illustration,18.858318172915865,1.9252704815593293,14.957567812702717,0.5878314948558487,53.59198122217992,1.0,1.0,0.0
884901,collapse_tail,59,middle-w00,59,target_only,1,120,90,478d60d9351ddc146d7df89e37fe8afe75728d4cd4397978bc3b8ab2dd93f17a,18c48a7a52618018105a70afe2fd591b344e0ba27a23cdc42fece35567aec337,64,890801,unchanged_v1_posterior_predictive,development_illustration,1.5986754035714061,0.2693309028103592,1.1106456068036525,-1.0869306951108515,7.516211474485882,0.859375,0.890625,0.109375
884901,collapse_tail,59,middle-w00,59,same_source,9,576,714,86dca8af1e9de1030962a9c34309235b08f60fbcbf6e068bcd46074f67e3f9fc,18c48a7a52618018105a70afe2fd591b344e0ba27a23cdc42fece35567aec337,64,890801,unchanged_v1_posterior_predictive,development_illustration,1.2909326500577236,0.14238305214129027,1.3608446518686774,-0.722282790737352,3.675006707428499,0.890625,0.90625,0.09375
884901,collapse_tail,59,middle-w08,3,target_only,1,8,10,b587043d58ae0ea306700f695d832ccd5b4f5342bf298fac8fbde44486be1840,18c48a7a52618018105a70afe2fd591b344e0ba27a23cdc42fece35567aec337,64,890857,unchanged_v1_posterior_predictive,development_illustration,-2.100534677712593,1.375876551825993,-7.130154089732497,-10.183017456144114,27.210162718274795,0.28125,0.296875,0.703125
884901,collapse_tail,59,middle-w08,3,same_source,9,576,714,86dca8af1e9de1030962a9c34309235b08f60fbcbf6e068bcd46074f67e3f9fc,18c48a7a52618018105a70afe2fd591b344e0ba27a23cdc42fece35567aec337,64,890857,unchanged_v1_posterior_predictive,development_illustration,0.11750733309120187,0.37786746022487333,0.23910275527506114,-5.772558956825129,5.776580144787045,0.53125,0.546875,0.453125
884901,collapse_tail,87,middle-w00,87,target_only,1,176,103,09f4ee9e7a7ef6b173ff7533506432a3c8265cf80dd3669df0083fc735ee08ec,18c48a7a52618018105a70afe2fd591b344e0ba27a23cdc42fece35567aec337,64,893601,unchanged_v1_posterior_predictive,development_illustration,0.42662951176362296,0.10048463582672619,0.3136588947129758,-0.817126672304296,2.020087271291083,0.65625,0.796875,0.203125
884901,collapse_tail,87,middle-w00,87,same_source,13,1196,1154,ac04ff4e9314b51791f3cd08398cb2d155c2139191e892bf1228b679f7ad68f3,18c48a7a52618018105a70afe2fd591b344e0ba27a23cdc42fece35567aec337,64,893601,unchanged_v1_posterior_predictive,development_illustration,0.6782754913306215,0.09301420893870914,0.6206064964805231,-0.528268232735271,2.032655640076508,0.78125,0.875,0.125
884901,collapse_tail,87,middle-w12,3,target_only,1,8,17,f3350af04dc3bf4c68d814a28bf2d605259c9284508a63255a0677ec1c9c6865,18c48a7a52618018105a70afe2fd591b344e0ba27a23cdc42fece35567aec337,64,893685,unchanged_v1_posterior_predictive,development_illustration,2.2047714383417083,2.159002752245436,-5.381807209695719,-10.613136651149143,43.951146258046165,0.375,0.40625,0.59375
884901,collapse_tail,87,middle-w12,3,same_source,13,1196,1154,ac04ff4e9314b51791f3cd08398cb2d155c2139191e892bf1228b679f7ad68f3,18c48a7a52618018105a70afe2fd591b344e0ba27a23cdc42fece35567aec337,64,893685,unchanged_v1_posterior_predictive,development_illustration,3.0396069263408636,0.41818722647618034,3.072847568792444,-2.3996492093361974,8.239023809099857,0.8125,0.84375,0.15625
