world,scenario,calendar_day,true_human_events,reported_events,audited_bot_fraction,audit_n,measurement_note,audit_fraction_plotted
demo-human_decline_bot_rise-884000,human_decline_bot_rise,0,15,0,0.4838709677419355,0,Reported activity uses report date (2daylag); truth uses occurrence date. Audits use available trailing14day cells; knownSe95Sp98.,
demo-human_decline_bot_rise-884000,human_decline_bot_rise,1,19,0,0.4838709677419355,0,Reported activity uses report date (2daylag); truth uses occurrence date. Audits use available trailing14day cells; knownSe95Sp98.,
demo-human_decline_bot_rise-884000,human_decline_bot_rise,2,10,15,0.4838709677419355,0,Reported activity uses report date (2daylag); truth uses occurrence date. Audits use available trailing14day cells; knownSe95Sp98.,
demo-human_decline_bot_rise-884000,human_decline_bot_rise,3,9,20,0.4838709677419355,0,Reported activity uses report date (2daylag); truth uses occurrence date. Audits use available trailing14day cells; knownSe95Sp98.,
demo-human_decline_bot_rise-884000,human_decline_bot_rise,4,8,10,0.4838709677419355,0,Reported activity uses report date (2daylag); truth uses occurrence date. Audits use available trailing14day cells; knownSe95Sp98.,
demo-human_decline_bot_rise-884000,human_decline_bot_rise,5,8,9,0.4838709677419355,0,Reported activity uses report date (2daylag); truth uses occurrence date. Audits use available trailing14day cells; knownSe95Sp98.,
demo-human_decline_bot_rise-884000,human_decline_bot_rise,6,9,9,0.4838709677419355,0,Reported activity uses report date (2daylag); truth uses occurrence date. Audits use available trailing14day cells; knownSe95Sp98.,
demo-human_decline_bot_rise-884000,human_decline_bot_rise,7,28,10,0.0439882697947214,9,Reported activity uses report date (2daylag); truth uses occurrence date. Audits use available trailing14day cells; knownSe95Sp98.,0.0439882697947214
demo-human_decline_bot_rise-884000,human_decline_bot_rise,8,17,10,0.1417399804496578,20,Reported activity uses report date (2daylag); truth uses occurrence date. Audits use available trailing14day cells; knownSe95Sp98.,0.1417399804496578
demo-human_decline_bot_rise-884000,human_decline_bot_rise,9,27,30,0.0998463901689709,26,Reported activity uses report date (2daylag); truth uses occurrence date. Audits use available trailing14day cells; knownSe95Sp98.,0.0998463901689709
demo-human_decline_bot_rise-884000,human_decline_bot_rise,10,10,23,0.0896057347670251,28,Reported activity uses report date (2daylag); truth uses occurrence date. Audits use available trailing14day cells; knownSe95Sp98.,0.0896057347670251
demo-human_decline_bot_rise-884000,human_decline_bot_rise,11,9,29,0.0806451612903226,30,Reported activity uses report date (2daylag); truth uses occurrence date. Audits use available trailing14day cells; knownSe95Sp98.,0.0806451612903226
demo-human_decline_bot_rise-884000,human_decline_bot_rise,12,10,19,0.062481836675385,35,Reported activity uses report date (2daylag); truth uses occurrence date. Audits use available trailing14day cells; knownSe95Sp98.,0.062481836675385
demo-human_decline_bot_rise-884000,human_decline_bot_rise,13,12,9,0.051140833988985,39,Reported activity uses report date (2daylag); truth uses occurrence date. Audits use available trailing14day cells; knownSe95Sp98.,0.051140833988985
demo-human_decline_bot_rise-884000,human_decline_bot_rise,14,49,15,0.0594227504244483,55,Reported activity uses report date (2daylag); truth uses occurrence date. Audits use available trailing14day cells; knownSe95Sp98.,0.0594227504244483
demo-human_decline_bot_rise-884000,human_decline_bot_rise,15,35,14,0.1196670135275754,60,Reported activity uses report date (2daylag); truth uses occurrence date. Audits use available trailing14day cells; knownSe95Sp98.,0.1196670135275754
demo-human_decline_bot_rise-884000,human_decline_bot_rise,16,23,60,0.0928641251221896,64,Reported activity uses report date (2daylag); truth uses occurrence date. Audits use available trailing14day cells; knownSe95Sp98.,0.0928641251221896
demo-human_decline_bot_rise-884000,human_decline_bot_rise,17,22,39,0.1644070437899331,67,Reported activity uses report date (2daylag); truth uses occurrence date. Audits use available trailing14day cells; knownSe95Sp98.,0.1644070437899331
demo-human_decline_bot_rise-884000,human_decline_bot_rise,18,14,26,0.1553166069295102,70,Reported activity uses report date (2daylag); truth uses occurrence date. Audits use available trailing14day cells; knownSe95Sp98.,0.1553166069295102
demo-human_decline_bot_rise-884000,human_decline_bot_rise,19,16,28,0.1822711775504851,80,Reported activity uses report date (2daylag); truth uses occurrence date. Audits use available trailing14day cells; knownSe95Sp98.,0.1822711775504851
demo-human_decline_bot_rise-884000,human_decline_bot_rise,20,19,22,0.1992409867172676,83,Reported activity uses report date (2daylag); truth uses occurrence date. Audits use available trailing14day cells; knownSe95Sp98.,0.1992409867172676
demo-human_decline_bot_rise-884000,human_decline_bot_rise,21,28,19,0.1998376952728748,104,Reported activity uses report date (2daylag); truth uses occurrence date. Audits use available trailing14day cells; knownSe95Sp98.,0.1998376952728748
demo-human_decline_bot_rise-884000,human_decline_bot_rise,22,45,28,0.2077884335948852,109,Reported activity uses report date (2daylag); truth uses occurrence date. Audits use available trailing14day cells; knownSe95Sp98.,0.2077884335948852
demo-human_decline_bot_rise-884000,human_decline_bot_rise,23,17,36,0.1981013271335853,109,Reported activity uses report date (2daylag); truth uses occurrence date. Audits use available trailing14day cells; knownSe95Sp98.,0.1981013271335853
demo-human_decline_bot_rise-884000,human_decline_bot_rise,24,35,57,0.2075168324791478,105,Reported activity uses report date (2daylag); truth uses occurrence date. Audits use available trailing14day cells; knownSe95Sp98.,0.2075168324791478
demo-human_decline_bot_rise-884000,human_decline_bot_rise,25,23,25,0.1690400077496852,109,Reported activity uses report date (2daylag); truth uses occurrence date. Audits use available trailing14day cells; knownSe95Sp98.,0.1690400077496852
demo-human_decline_bot_rise-884000,human_decline_bot_rise,26,17,45,0.1872450871338524,114,Reported activity uses report date (2daylag); truth uses occurrence date. Audits use available trailing14day cells; knownSe95Sp98.,0.1872450871338524
demo-human_decline_bot_rise-884000,human_decline_bot_rise,27,19,31,0.1792114695340502,118,Reported activity uses report date (2daylag); truth uses occurrence date. Audits use available trailing14day cells; knownSe95Sp98.,0.1792114695340502
demo-human_decline_bot_rise-884000,human_decline_bot_rise,28,41,23,0.1833036999407333,125,Reported activity uses report date (2daylag); truth uses occurrence date. Audits use available trailing14day cells; knownSe95Sp98.,0.1833036999407333
demo-human_decline_bot_rise-884000,human_decline_bot_rise,29,30,27,0.2022529441884282,124,Reported activity uses report date (2daylag); truth uses occurrence date. Audits use available trailing14day cells; knownSe95Sp98.,0.2022529441884282
demo-human_decline_bot_rise-884000,human_decline_bot_rise,30,33,61,0.2317061566276524,111,Reported activity uses report date (2daylag); truth uses occurrence date. Audits use available trailing14day cells; knownSe95Sp98.,0.2317061566276524
demo-human_decline_bot_rise-884000,human_decline_bot_rise,31,27,56,0.2522073607832853,121,Reported activity uses report date (2daylag); truth uses occurrence date. Audits use available trailing14day cells; knownSe95Sp98.,0.2522073607832853
demo-human_decline_bot_rise-884000,human_decline_bot_rise,32,27,59,0.2738575268817205,126,Reported activity uses report date (2daylag); truth uses occurrence date. Audits use available trailing14day cells; knownSe95Sp98.,0.2738575268817205
demo-human_decline_bot_rise-884000,human_decline_bot_rise,33,21,49,0.2764372195411058,125,Reported activity uses report date (2daylag); truth uses occurrence date. Audits use available trailing14day cells; knownSe95Sp98.,0.2764372195411058
demo-human_decline_bot_rise-884000,human_decline_bot_rise,34,27,38,0.2752367196276681,132,Reported activity uses report date (2daylag); truth uses occurrence date. Audits use available trailing14day cells; knownSe95Sp98.,0.2752367196276681
demo-human_decline_bot_rise-884000,human_decline_bot_rise,35,33,39,0.2997495949329798,144,Reported activity uses report date (2daylag); truth uses occurrence date. Audits use available trailing14day cells; knownSe95Sp98.,0.2997495949329798
demo-human_decline_bot_rise-884000,human_decline_bot_rise,36,32,51,0.3396275898242854,162,Reported activity uses report date (2daylag); truth uses occurrence date. Audits use available trailing14day cells; knownSe95Sp98.,0.3396275898242854
demo-human_decline_bot_rise-884000,human_decline_bot_rise,37,28,51,0.3788891009734682,167,Reported activity uses report date (2daylag); truth uses occurrence date. Audits use available trailing14day cells; knownSe95Sp98.,0.3788891009734682
demo-human_decline_bot_rise-884000,human_decline_bot_rise,38,32,55,0.3787469213672133,177,Reported activity uses report date (2daylag); truth uses occurrence date. Audits use available trailing14day cells; knownSe95Sp98.,0.3787469213672133
demo-human_decline_bot_rise-884000,human_decline_bot_rise,39,35,53,0.3787469213672133,177,Reported activity uses report date (2daylag); truth uses occurrence date. Audits use available trailing14day cells; knownSe95Sp98.,0.3787469213672133
demo-human_decline_bot_rise-884000,human_decline_bot_rise,40,21,57,0.3977306481316462,179,Reported activity uses report date (2daylag); truth uses occurrence date. Audits use available trailing14day cells; knownSe95Sp98.,0.3977306481316462
demo-human_decline_bot_rise-884000,human_decline_bot_rise,41,24,60,0.4349951124144673,196,Reported activity uses report date (2daylag); truth uses occurrence date. Audits use available trailing14day cells; knownSe95Sp98.,0.4349951124144673
demo-human_decline_bot_rise-884000,human_decline_bot_rise,42,42,52,0.4321753515301902,206,Reported activity uses report date (2daylag); truth uses occurrence date. Audits use available trailing14day cells; knownSe95Sp98.,0.4321753515301902
demo-human_decline_bot_rise-884000,human_decline_bot_rise,43,32,53,0.4377880184331798,208,Reported activity uses report date (2daylag); truth uses occurrence date. Audits use available trailing14day cells; knownSe95Sp98.,0.4377880184331798
demo-human_decline_bot_rise-884000,human_decline_bot_rise,44,49,78,0.4425144747725393,206,Reported activity uses report date (2daylag); truth uses occurrence date. Audits use available trailing14day cells; knownSe95Sp98.,0.4425144747725393
demo-human_decline_bot_rise-884000,human_decline_bot_rise,45,31,53,0.4382227632379792,210,Reported activity uses report date (2daylag); truth uses occurrence date. Audits use available trailing14day cells; knownSe95Sp98.,0.4382227632379792
demo-human_decline_bot_rise-884000,human_decline_bot_rise,46,27,72,0.435867895545315,222,Reported activity uses report date (2daylag); truth uses occurrence date. Audits use available trailing14day cells; knownSe95Sp98.,0.435867895545315
demo-human_decline_bot_rise-884000,human_decline_bot_rise,47,37,74,0.4573508848064035,221,Reported activity uses report date (2daylag); truth uses occurrence date. Audits use available trailing14day cells; knownSe95Sp98.,0.4573508848064035
demo-human_decline_bot_rise-884000,human_decline_bot_rise,48,26,62,0.4582693292370712,229,Reported activity uses report date (2daylag); truth uses occurrence date. Audits use available trailing14day cells; knownSe95Sp98.,0.4582693292370712
demo-human_decline_bot_rise-884000,human_decline_bot_rise,49,75,78,0.4498434735266096,235,Reported activity uses report date (2daylag); truth uses occurrence date. Audits use available trailing14day cells; knownSe95Sp98.,0.4498434735266096
demo-human_decline_bot_rise-884000,human_decline_bot_rise,50,48,58,0.4634544712127399,235,Reported activity uses report date (2daylag); truth uses occurrence date. Audits use available trailing14day cells; knownSe95Sp98.,0.4634544712127399
demo-human_decline_bot_rise-884000,human_decline_bot_rise,51,35,115,0.4525089605734768,238,Reported activity uses report date (2daylag); truth uses occurrence date. Audits use available trailing14day cells; knownSe95Sp98.,0.4525089605734768
demo-human_decline_bot_rise-884000,human_decline_bot_rise,52,36,87,0.4599277349701798,245,Reported activity uses report date (2daylag); truth uses occurrence date. Audits use available trailing14day cells; knownSe95Sp98.,0.4599277349701798
demo-human_decline_bot_rise-884000,human_decline_bot_rise,53,27,75,0.4752688172043011,248,Reported activity uses report date (2daylag); truth uses occurrence date. Audits use available trailing14day cells; knownSe95Sp98.,0.4752688172043011
demo-human_decline_bot_rise-884000,human_decline_bot_rise,54,31,79,0.4922715053763441,254,Reported activity uses report date (2daylag); truth uses occurrence date. Audits use available trailing14day cells; knownSe95Sp98.,0.4922715053763441
demo-human_decline_bot_rise-884000,human_decline_bot_rise,55,40,65,0.5061878677216474,263,Reported activity uses report date (2daylag); truth uses occurrence date. Audits use available trailing14day cells; knownSe95Sp98.,0.5061878677216474
demo-human_decline_bot_rise-884000,human_decline_bot_rise,56,45,80,0.4783661785753607,291,Reported activity uses report date (2daylag); truth uses occurrence date. Audits use available trailing14day cells; knownSe95Sp98.,0.4783661785753607
demo-human_decline_bot_rise-884000,human_decline_bot_rise,57,43,97,0.4803104749697359,300,Reported activity uses report date (2daylag); truth uses occurrence date. Audits use available trailing14day cells; knownSe95Sp98.,0.4803104749697359
demo-human_decline_bot_rise-884000,human_decline_bot_rise,58,45,96,0.4907198137113897,312,Reported activity uses report date (2daylag); truth uses occurrence date. Audits use available trailing14day cells; knownSe95Sp98.,0.4907198137113897
demo-human_decline_bot_rise-884000,human_decline_bot_rise,59,24,90,0.5024100852799407,317,Reported activity uses report date (2daylag); truth uses occurrence date. Audits use available trailing14day cells; knownSe95Sp98.,0.5024100852799407
demo-human_decline_bot_rise-884000,human_decline_bot_rise,60,38,101,0.504417505650298,312,Reported activity uses report date (2daylag); truth uses occurrence date. Audits use available trailing14day cells; knownSe95Sp98.,0.504417505650298
demo-human_decline_bot_rise-884000,human_decline_bot_rise,61,33,70,0.5024100852799407,317,Reported activity uses report date (2daylag); truth uses occurrence date. Audits use available trailing14day cells; knownSe95Sp98.,0.5024100852799407
demo-human_decline_bot_rise-884000,human_decline_bot_rise,62,31,102,0.5160646449037409,332,Reported activity uses report date (2daylag); truth uses occurrence date. Audits use available trailing14day cells; knownSe95Sp98.,0.5160646449037409
demo-human_decline_bot_rise-884000,human_decline_bot_rise,63,38,89,0.5221640167876728,349,Reported activity uses report date (2daylag); truth uses occurrence date. Audits use available trailing14day cells; knownSe95Sp98.,0.5221640167876728
demo-human_decline_bot_rise-884000,human_decline_bot_rise,64,47,92,0.5471220746363061,338,Reported activity uses report date (2daylag); truth uses occurrence date. Audits use available trailing14day cells; knownSe95Sp98.,0.5471220746363061
demo-human_decline_bot_rise-884000,human_decline_bot_rise,65,35,102,0.5602306373694874,343,Reported activity uses report date (2daylag); truth uses occurrence date. Audits use available trailing14day cells; knownSe95Sp98.,0.5602306373694874
demo-human_decline_bot_rise-884000,human_decline_bot_rise,66,39,109,0.568598453338263,347,Reported activity uses report date (2daylag); truth uses occurrence date. Audits use available trailing14day cells; knownSe95Sp98.,0.568598453338263
demo-human_decline_bot_rise-884000,human_decline_bot_rise,67,48,119,0.5956264346985622,354,Reported activity uses report date (2daylag); truth uses occurrence date. Audits use available trailing14day cells; knownSe95Sp98.,0.5956264346985622
demo-human_decline_bot_rise-884000,human_decline_bot_rise,68,26,102,0.6012520650378228,369,Reported activity uses report date (2daylag); truth uses occurrence date. Audits use available trailing14day cells; knownSe95Sp98.,0.6012520650378228
demo-human_decline_bot_rise-884000,human_decline_bot_rise,69,33,127,0.6196943972835314,378,Reported activity uses report date (2daylag); truth uses occurrence date. Audits use available trailing14day cells; knownSe95Sp98.,0.6196943972835314
demo-human_decline_bot_rise-884000,human_decline_bot_rise,70,53,102,0.6247484330975792,372,Reported activity uses report date (2daylag); truth uses occurrence date. Audits use available trailing14day cells; knownSe95Sp98.,0.6247484330975792
demo-human_decline_bot_rise-884000,human_decline_bot_rise,71,35,85,0.617568413267338,376,Reported activity uses report date (2daylag); truth uses occurrence date. Audits use available trailing14day cells; knownSe95Sp98.,0.617568413267338
demo-human_decline_bot_rise-884000,human_decline_bot_rise,72,44,129,0.6429668641650208,390,Reported activity uses report date (2daylag); truth uses occurrence date. Audits use available trailing14day cells; knownSe95Sp98.,0.6429668641650208
demo-human_decline_bot_rise-884000,human_decline_bot_rise,73,45,120,0.6486734749013887,396,Reported activity uses report date (2daylag); truth uses occurrence date. Audits use available trailing14day cells; knownSe95Sp98.,0.6486734749013887
demo-human_decline_bot_rise-884000,human_decline_bot_rise,74,30,112,0.6391305463597403,417,Reported activity uses report date (2daylag); truth uses occurrence date. Audits use available trailing14day cells; knownSe95Sp98.,0.6391305463597403
demo-human_decline_bot_rise-884000,human_decline_bot_rise,75,34,119,0.6520409723283902,420,Reported activity uses report date (2daylag); truth uses occurrence date. Audits use available trailing14day cells; knownSe95Sp98.,0.6520409723283902
demo-human_decline_bot_rise-884000,human_decline_bot_rise,76,35,120,0.6456832654765634,410,Reported activity uses report date (2daylag); truth uses occurrence date. Audits use available trailing14day cells; knownSe95Sp98.,0.6456832654765634
demo-human_decline_bot_rise-884000,human_decline_bot_rise,77,49,115,0.6345124928575139,412,Reported activity uses report date (2daylag); truth uses occurrence date. Audits use available trailing14day cells; knownSe95Sp98.,0.6345124928575139
demo-human_decline_bot_rise-884000,human_decline_bot_rise,78,51,112,0.6300363506952389,421,Reported activity uses report date (2daylag); truth uses occurrence date. Audits use available trailing14day cells; knownSe95Sp98.,0.6300363506952389
demo-human_decline_bot_rise-884000,human_decline_bot_rise,79,37,138,0.6282357626443649,430,Reported activity uses report date (2daylag); truth uses occurrence date. Audits use available trailing14day cells; knownSe95Sp98.,0.6282357626443649
demo-human_decline_bot_rise-884000,human_decline_bot_rise,80,40,144,0.6239059764941235,428,Reported activity uses report date (2daylag); truth uses occurrence date. Audits use available trailing14day cells; knownSe95Sp98.,0.6239059764941235
demo-human_decline_bot_rise-884000,human_decline_bot_rise,81,32,121,0.6345065765302373,437,Reported activity uses report date (2daylag); truth uses occurrence date. Audits use available trailing14day cells; knownSe95Sp98.,0.6345065765302373
demo-human_decline_bot_rise-884000,human_decline_bot_rise,82,35,133,0.657301422129726,432,Reported activity uses report date (2daylag); truth uses occurrence date. Audits use available trailing14day cells; knownSe95Sp98.,0.657301422129726
demo-human_decline_bot_rise-884000,human_decline_bot_rise,83,22,137,0.6434428241763638,436,Reported activity uses report date (2daylag); truth uses occurrence date. Audits use available trailing14day cells; knownSe95Sp98.,0.6434428241763638
demo-human_decline_bot_rise-884000,human_decline_bot_rise,84,53,141,0.6555047852872309,471,Reported activity uses report date (2daylag); truth uses occurrence date. Audits use available trailing14day cells; knownSe95Sp98.,0.6555047852872309
demo-human_decline_bot_rise-884000,human_decline_bot_rise,85,54,118,0.6729992774873561,504,Reported activity uses report date (2daylag); truth uses occurrence date. Audits use available trailing14day cells; knownSe95Sp98.,0.6729992774873561
demo-human_decline_bot_rise-884000,human_decline_bot_rise,86,39,161,0.6659383969498351,500,Reported activity uses report date (2daylag); truth uses occurrence date. Audits use available trailing14day cells; knownSe95Sp98.,0.6659383969498351
demo-human_decline_bot_rise-884000,human_decline_bot_rise,87,33,161,0.691472373043756,503,Reported activity uses report date (2daylag); truth uses occurrence date. Audits use available trailing14day cells; knownSe95Sp98.,0.691472373043756
demo-human_decline_bot_rise-884000,human_decline_bot_rise,88,33,167,0.7062323833385531,513,Reported activity uses report date (2daylag); truth uses occurrence date. Audits use available trailing14day cells; knownSe95Sp98.,0.7062323833385531
demo-human_decline_bot_rise-884000,human_decline_bot_rise,89,43,133,0.7157713025935402,515,Reported activity uses report date (2daylag); truth uses occurrence date. Audits use available trailing14day cells; knownSe95Sp98.,0.7157713025935402
demo-human_decline_bot_rise-884000,human_decline_bot_rise,90,42,141,0.7158126509758653,501,Reported activity uses report date (2daylag); truth uses occurrence date. Audits use available trailing14day cells; knownSe95Sp98.,0.7158126509758653
demo-human_decline_bot_rise-884000,human_decline_bot_rise,91,58,161,0.7101894521249361,523,Reported activity uses report date (2daylag); truth uses occurrence date. Audits use available trailing14day cells; knownSe95Sp98.,0.7101894521249361
demo-human_decline_bot_rise-884000,human_decline_bot_rise,92,38,158,0.7145799859926667,520,Reported activity uses report date (2daylag); truth uses occurrence date. Audits use available trailing14day cells; knownSe95Sp98.,0.7145799859926667
demo-human_decline_bot_rise-884000,human_decline_bot_rise,93,40,198,0.713691478962584,515,Reported activity uses report date (2daylag); truth uses occurrence date. Audits use available trailing14day cells; knownSe95Sp98.,0.713691478962584
demo-human_decline_bot_rise-884000,human_decline_bot_rise,94,33,178,0.7375860819137369,532,Reported activity uses report date (2daylag); truth uses occurrence date. Audits use available trailing14day cells; knownSe95Sp98.,0.7375860819137369
demo-human_decline_bot_rise-884000,human_decline_bot_rise,95,37,139,0.7467144563918757,538,Reported activity uses report date (2daylag); truth uses occurrence date. Audits use available trailing14day cells; knownSe95Sp98.,0.7467144563918757
demo-human_decline_bot_rise-884000,human_decline_bot_rise,96,34,169,0.741856709598645,544,Reported activity uses report date (2daylag); truth uses occurrence date. Audits use available trailing14day cells; knownSe95Sp98.,0.741856709598645
demo-human_decline_bot_rise-884000,human_decline_bot_rise,97,30,178,0.7425894935272279,557,Reported activity uses report date (2daylag); truth uses occurrence date. Audits use available trailing14day cells; knownSe95Sp98.,0.7425894935272279
demo-human_decline_bot_rise-884000,human_decline_bot_rise,98,49,186,0.7306113968105554,619,Reported activity uses report date (2daylag); truth uses occurrence date. Audits use available trailing14day cells; knownSe95Sp98.,0.7306113968105554
demo-human_decline_bot_rise-884000,human_decline_bot_rise,99,45,158,0.7565345231379387,627,Reported activity uses report date (2daylag); truth uses occurrence date. Audits use available trailing14day cells; knownSe95Sp98.,0.7565345231379387
demo-human_decline_bot_rise-884000,human_decline_bot_rise,100,35,199,0.7637822153951186,628,Reported activity uses report date (2daylag); truth uses occurrence date. Audits use available trailing14day cells; knownSe95Sp98.,0.7637822153951186
demo-human_decline_bot_rise-884000,human_decline_bot_rise,101,40,184,0.7755842746175503,632,Reported activity uses report date (2daylag); truth uses occurrence date. Audits use available trailing14day cells; knownSe95Sp98.,0.7755842746175503
demo-human_decline_bot_rise-884000,human_decline_bot_rise,102,37,187,0.776383305552832,656,Reported activity uses report date (2daylag); truth uses occurrence date. Audits use available trailing14day cells; knownSe95Sp98.,0.776383305552832
demo-human_decline_bot_rise-884000,human_decline_bot_rise,103,33,203,0.7694393924890719,672,Reported activity uses report date (2daylag); truth uses occurrence date. Audits use available trailing14day cells; knownSe95Sp98.,0.7694393924890719
demo-human_decline_bot_rise-884000,human_decline_bot_rise,104,36,193,0.7680379099167178,681,Reported activity uses report date (2daylag); truth uses occurrence date. Audits use available trailing14day cells; knownSe95Sp98.,0.7680379099167178
demo-human_decline_bot_rise-884000,human_decline_bot_rise,105,50,186,0.7650475837350142,694,Reported activity uses report date (2daylag); truth uses occurrence date. Audits use available trailing14day cells; knownSe95Sp98.,0.7650475837350142
demo-human_decline_bot_rise-884000,human_decline_bot_rise,106,32,193,0.7781383215626392,674,Reported activity uses report date (2daylag); truth uses occurrence date. Audits use available trailing14day cells; knownSe95Sp98.,0.7781383215626392
demo-human_decline_bot_rise-884000,human_decline_bot_rise,107,29,219,0.7709724102516222,689,Reported activity uses report date (2daylag); truth uses occurrence date. Audits use available trailing14day cells; knownSe95Sp98.,0.7709724102516222
demo-human_decline_bot_rise-884000,human_decline_bot_rise,108,38,190,0.7766567842234907,727,Reported activity uses report date (2daylag); truth uses occurrence date. Audits use available trailing14day cells; knownSe95Sp98.,0.7766567842234907
demo-human_decline_bot_rise-884000,human_decline_bot_rise,109,25,181,0.7825567502986858,736,Reported activity uses report date (2daylag); truth uses occurrence date. Audits use available trailing14day cells; knownSe95Sp98.,0.7825567502986858
demo-human_decline_bot_rise-884000,human_decline_bot_rise,110,34,171,0.7810817587798871,727,Reported activity uses report date (2daylag); truth uses occurrence date. Audits use available trailing14day cells; knownSe95Sp98.,0.7810817587798871
demo-human_decline_bot_rise-884000,human_decline_bot_rise,111,25,195,0.7840137541160358,736,Reported activity uses report date (2daylag); truth uses occurrence date. Audits use available trailing14day cells; knownSe95Sp98.,0.7840137541160358
demo-human_decline_bot_rise-884000,human_decline_bot_rise,112,49,188,0.785639958376691,773,Reported activity uses report date (2daylag); truth uses occurrence date. Audits use available trailing14day cells; knownSe95Sp98.,0.785639958376691
demo-human_decline_bot_rise-884000,human_decline_bot_rise,113,38,195,0.7877512856474989,780,Reported activity uses report date (2daylag); truth uses occurrence date. Audits use available trailing14day cells; knownSe95Sp98.,0.7877512856474989
demo-human_decline_bot_rise-884000,human_decline_bot_rise,114,56,255,0.7970894772348657,779,Reported activity uses report date (2daylag); truth uses occurrence date. Audits use available trailing14day cells; knownSe95Sp98.,0.7970894772348657
demo-human_decline_bot_rise-884000,human_decline_bot_rise,115,36,225,0.7923723549629385,777,Reported activity uses report date (2daylag); truth uses occurrence date. Audits use available trailing14day cells; knownSe95Sp98.,0.7923723549629385
demo-human_decline_bot_rise-884000,human_decline_bot_rise,116,47,226,0.8000445707281743,770,Reported activity uses report date (2daylag); truth uses occurrence date. Audits use available trailing14day cells; knownSe95Sp98.,0.8000445707281743
demo-human_decline_bot_rise-884000,human_decline_bot_rise,117,30,217,0.7995588640749931,778,Reported activity uses report date (2daylag); truth uses occurrence date. Audits use available trailing14day cells; knownSe95Sp98.,0.7995588640749931
demo-human_decline_bot_rise-884000,human_decline_bot_rise,118,34,246,0.813829569209329,785,Reported activity uses report date (2daylag); truth uses occurrence date. Audits use available trailing14day cells; knownSe95Sp98.,0.813829569209329
demo-human_decline_bot_rise-884000,human_decline_bot_rise,119,56,226,0.8088005010961479,822,Reported activity uses report date (2daylag); truth uses occurrence date. Audits use available trailing14day cells; knownSe95Sp98.,0.8088005010961479
demo-human_decline_bot_rise-884000,human_decline_bot_rise,120,45,222,0.8163212300659706,826,Reported activity uses report date (2daylag); truth uses occurrence date. Audits use available trailing14day cells; knownSe95Sp98.,0.8163212300659706
demo-human_decline_bot_rise-884000,human_decline_bot_rise,121,30,257,0.8186966670493246,841,Reported activity uses report date (2daylag); truth uses occurrence date. Audits use available trailing14day cells; knownSe95Sp98.,0.8186966670493246
demo-human_decline_bot_rise-884000,human_decline_bot_rise,122,37,247,0.8181772821395604,860,Reported activity uses report date (2daylag); truth uses occurrence date. Audits use available trailing14day cells; knownSe95Sp98.,0.8181772821395604
demo-human_decline_bot_rise-884000,human_decline_bot_rise,123,37,221,0.8248098610018358,900,Reported activity uses report date (2daylag); truth uses occurrence date. Audits use available trailing14day cells; knownSe95Sp98.,0.8248098610018358
demo-human_decline_bot_rise-884000,human_decline_bot_rise,124,33,254,0.8218125960061444,908,Reported activity uses report date (2daylag); truth uses occurrence date. Audits use available trailing14day cells; knownSe95Sp98.,0.8218125960061444
demo-human_decline_bot_rise-884000,human_decline_bot_rise,125,36,237,0.8157512351060738,923,Reported activity uses report date (2daylag); truth uses occurrence date. Audits use available trailing14day cells; knownSe95Sp98.,0.8157512351060738
demo-human_decline_bot_rise-884000,human_decline_bot_rise,126,47,246,0.8093102007608242,976,Reported activity uses report date (2daylag); truth uses occurrence date. Audits use available trailing14day cells; knownSe95Sp98.,0.8093102007608242
