date,click_multiplier,value_multiplier
0,0.8633429578648826,0.8901735824498803
1,0.9193963271583359,0.9489244307305574
2,0.8390171069515613,1.078411456559753
3,0.9485946433521443,1.0234706065677568
4,1.0448556199134074,1.0104045333744842
5,0.8316121761953306,0.979658603724829
6,1.0052187771873773,0.9612469011138913
7,1.1391928633539492,1.1981916332551537
8,0.8139389497023041,1.197859607425824
9,0.8782978129247154,1.0103263230097599
10,0.9757948278964045,1.093220724618895
11,1.015803312765072,1.0811031259952442
12,0.9825582328515603,1.2210593282751825
13,0.9057660172055293,0.9100258210346613
14,0.9129146397211103,0.9798754296871394
15,0.9390861375987412,1.0090070077472382
16,0.9709706670959499,0.7796965883549378
17,1.0878396938294572,0.7367479444604665
18,1.3097002159610074,0.8060138409998574
19,1.2491029977111543,1.0206183012744785
20,1.3222563951178359,1.0296828247855134
21,1.372027586844843,1.1208882510955298
22,1.178043124423387,1.277056920824416
23,1.1308509012037469,1.0878025674758476
24,0.9980585711654291,1.1218408579319221
25,1.103635364457017,1.1881859080865875
26,1.0978521345872843,1.243640964776787
27,1.0336885824531077,1.130777070515756
28,1.1457968769402942,1.052085002291043
29,1.1530168562070078,1.078772380520297
30,1.087715754090545,1.1333994143011703
31,1.0103802738056464,0.9699660775762271
32,0.9877156199757948,0.8702224313219777
33,0.8572699878605341,1.1771043602673985
34,0.8873265470409873,1.1530380728851821
35,0.8404055447927113,1.0720702567181444
36,0.9581016013322158,0.8013176416807691
37,0.983804276352303,1.0322308949080083
38,0.8760507961618186,0.7472920371832094
39,0.8752602609610137,0.8557281251416265
40,0.6975370103891819,0.8052764092220724
41,0.8922306107333671,0.8695959890758546
42,0.8675739053173595,0.9802013979785398
43,0.8891114936172975,0.8671341823566849
44,0.8971484725631309,0.9096822779430077
45,0.6719693980665632,0.9652744592950615
46,0.8662803811658552,1.1216366994852867
47,1.0649774777203038,1.3649485136094945
48,0.974672768048174,1.2354927234333137
49,0.9531991200492862,1.270649679596659
50,1.0168024084821932,1.1860089964259841
51,0.9274373043936315,1.0147059263623819
52,1.0896294652755312,1.189232094765595
53,0.793530439203339,0.9984877614651801
54,0.7970604627445181,1.026148115576222
55,0.952549412229346,1.0382822508405876
56,0.8925370215766728,0.9917108020266199
57,0.9431659633118618,1.211387749950536
58,0.899365002184581,1.004742301513776
59,0.8585041819327958,0.9065681244873269
60,0.902179967787923,0.9005918789723603
61,0.8709196967178837,0.8603388183109747
62,0.8095531670458598,0.9481377311013807
63,0.8583509152634184,1.0705551214744333
64,0.9185363723167579,1.04367483246417
65,0.7400205218570579,0.8611668387067432
66,0.6903169287437899,1.0972976447230416
67,0.7447692636968787,1.0508630364514797
68,0.8570533433218266,1.1706584512274234
69,0.6613712703908127,1.0631124039571431
70,0.7415790206448597,1.191573363299428
71,0.6553378755834116,1.1711384024594884
72,0.8111957381505384,0.998611800024463
73,0.84968252468755,0.9918946205785885
74,1.0457918084130988,0.9770738595688196
75,1.091812263514436,0.9554289659003613
76,1.0669758842463597,1.096958619106901
77,0.9584965799110438,1.051288616169465
78,0.8441770366428912,0.9174050772111916
79,0.8155754847002689,1.0538712195794697
80,0.8514036263750714,1.232776044526475
81,0.8648821053682793,1.1425255814861084
82,1.028254095519937,1.1025933715624197
83,1.0835200310273716,1.1354157396582454
84,0.9241055913121692,1.0130029475572064
85,1.150008098373974,1.0463140482101805
86,1.1068571087794277,1.096497659615896
87,0.7820223286759412,1.0085924305792635
88,0.87893022867356,0.7776730019691235
89,0.9121212063529676,0.8452806682836477
90,1.0137954003187961,0.8351867769763842
91,1.360957484563724,0.7867192949316986
92,0.9482347154459275,0.9646400986847967
93,0.9765753093230581,0.9231284427747879
94,1.0373757516772295,0.8364106935057418
95,1.3505706810304499,0.8298382848884971
96,1.161095473440964,0.9036901597021803
97,1.1113030307311589,0.9880535746649396
98,0.9734507613809454,0.9786917452097423
99,0.8233749436661056,0.9224866743757929
100,1.005901910585552,1.096017876330109
101,1.1290919682850713,0.927050616780943
102,0.9997171529507327,1.0647323980344687
103,1.111969718580655,0.9536355715270388
104,1.0846794824455002,0.877317066079185
105,0.9333487625056327,0.8238846366674304
106,1.0331429742850937,1.0092558713913538
107,1.2582355711933184,1.0090225481121513
108,1.264687117952273,1.0970784368416935
109,1.19359207816534,0.9678340025089581
110,1.3407649580509007,0.9892845375362647
111,1.3594834167051821,0.8964398041943846
112,1.1311445095214354,0.8856261958582706
113,0.8341156077133396,0.8737728869324103
114,0.7682384089401965,0.7668773456429775
115,0.893379684973787,0.8823815429762569
116,1.0001779668516328,0.9991831540847577
117,0.9879415859827979,1.0209987432098957
118,0.9983271305146196,1.074981409161198
119,1.0316147744926951,1.0874809851571234
120,1.0213922162888753,0.945863369506156
121,0.806907719189613,0.8971992400899309
122,0.8904176774665744,0.796173453287044
123,0.7661335698376055,0.9176218399050345
124,0.9205714428610408,0.8463249589747346
125,0.7770169902326735,0.9934028611762377
126,0.936222550312144,0.9903118331313986
127,0.8966088522925559,1.1031056160875856
128,0.8548210758958674,1.2597478805721742
129,0.9758227203044727,1.1248853135609767
130,0.9585142956427982,0.967155760357064
131,1.033992651888413,1.0610262719513865
132,1.2054904973021667,0.9626235523642614
133,1.0742637548018135,0.7188753108609197
134,0.901471814117457,0.8649763100439063
135,0.9622163572457916,0.8589594781699377
136,1.007182417959825,0.8579251998607041
137,0.9932683914653583,0.837115778532739
138,0.8526063206523832,1.0720713879994879
139,0.8310728892110435,1.136409161514586
140,0.9034087116592171,1.1306146796388659
141,0.8658300619224565,0.9581151662437299
142,0.8238127396833518,1.1420227566602827
143,0.9665085554934443,1.1948316331765265
144,1.0257830806163875,1.1562661430909094
145,0.8691532542323407,1.0384743509781027
146,0.9584573037898048,0.9621006010595614
147,1.0155627380345371,1.0538976678960696
148,1.1789169164453115,1.1098395872052076
149,1.0624915979126628,1.0320101020464063
150,0.890335960607453,1.292813277756468
151,0.9914884551104561,1.0667766105592837
152,1.142760719970169,1.0901876499084018
153,1.0280000417673618,0.9255373482636446
154,1.169973591550624,0.9907699121870412
155,1.0102277604140493,1.0589989563323956
156,0.9193242844429349,1.0992859109583055
157,0.9718414982846453,0.8738870702425899
158,1.0871341357289175,1.0636476022929011
159,0.8688984960949088,1.033967957560781
160,0.9107382397443715,0.9776696908197599
161,0.9825106717750547,1.113093111458995
162,0.9610884849735316,1.2787392326019376
163,1.1240864656988951,1.0774992804318377
164,0.9403336976263308,1.1725502692701095
165,0.9724169140886636,1.1314078313011329
166,0.8578398695741697,1.0058989130906852
167,1.111710439521228,0.9085181841992651
168,0.9227729570537689,0.8143559117125515
169,1.0727286585531484,1.0080124811391475
170,0.9282868785741122,1.0068113925158835
171,0.9097738020848262,0.8821724345344396
172,1.0671863753463668,0.9787532054839424
173,0.8951379983975133,1.0688894237445328
174,0.9042611270120163,1.2124428911124865
175,1.0375109084758416,0.8229291974591487
176,1.0904110153312994,0.8757529951143852
177,0.8685002696313254,0.8822922285082638
178,0.9330210881643,1.0462332239557715
179,0.9941066860092949,0.9593724466155961
180,0.9556650112332937,0.9134616121222695
181,0.8977199683096965,1.0038434298546852
182,1.0950047806649865,0.9549980521967024
183,1.0927569641963184,0.953480574860226
184,0.9476316091773236,1.0368602008731955
185,0.8335044295171592,1.078147435028141
186,0.8521370400318818,1.1927196794561608
187,1.0442643390502324,1.1886421555159294
188,1.1110814283650694,1.2453133723984626
189,1.171407753833311,1.3799986328125808
190,1.0517900976406447,1.131511818479341
191,1.0759900029902418,1.0640811201042828
192,1.2748040626678516,0.9289595577938923
193,1.088694358901316,0.9633118560037741
194,0.9696419120009472,1.0757815257342498
195,0.8598341665278886,0.807766863407901
196,0.9118684470876242,0.8585695518124581
197,0.675696661597564,0.8620503884109595
198,0.7365551236062803,1.0786684745851145
199,0.8548281216329343,1.0597889667468052
200,0.9410068838847475,0.984032791504347
201,0.9166272912006344,0.8578668401599807
202,0.9911194206762091,1.2357319797462198
203,0.9811380739012385,1.0340246085303808
204,0.995588107080869,1.0620240110365315
205,1.1214758919423515,1.2234562202987493
206,1.0097022877493358,1.2623693773132671
207,0.8973107015223234,1.1578499719184672
208,0.9511898393716794,1.1237225875878387
209,1.230104003485482,1.026157876919137
210,1.1299608081709396,1.2249886150951323
211,0.8571035476215012,1.0565078834137973
212,0.9161281636652825,1.0697841054603634
213,0.9594871846443506,1.1012205478982002
214,0.8491257578869228,1.1126768776929916
215,1.0638739779041,1.006012424665041
216,0.9690481848128198,0.9050118263476741
217,0.9525161411550827,1.1514185448393977
218,0.829656768397988,1.264282648113495
219,0.8041565609371591,1.1360708825507677
220,0.7614247122074485,0.9714607314407115
221,0.8476700284139121,1.1040532994472327
222,0.9935349083251138,1.1584570899150246
223,1.0199221719440894,0.955515910428699
224,1.0163657254772758,1.002944005088931
225,0.8614065524587045,0.9463274668712983
226,0.7211712336864303,1.0091119153088155
227,0.8760456934045737,1.0206343417008727
228,0.8790235333246504,1.0993905200691505
229,0.8354462441884332,1.1710834013119247
230,0.8105578643064048,1.3175676093178232
231,1.1371045469503567,1.1695819095545843
232,0.9908631692589012,1.1488223787585612
233,0.9223324301103851,1.0019604565734224
234,0.9577119916367967,1.023297200992296
235,1.0600528830160099,0.8014167882180928
236,1.0449127033347454,0.973105692279063
237,1.2098128932448213,1.0645983263871193
238,1.3065851600515506,1.0901812311367745
239,1.1075367303914097,0.8384571051731347
240,1.1567805697932168,0.7527775839770281
241,1.087169368541736,0.6878482872442485
242,0.9951844565649938,0.8504902238590893
243,1.0155010076388529,0.8854696178213122
244,1.266110344154079,0.7115038889816261
245,0.9571160379282693,0.8738263449168143
246,0.9851160430493252,0.9141968269686466
247,0.8556208893919102,0.9278502322371079
248,0.7688762956638981,0.9269768147792129
249,0.756418926609083,1.0007782707292618
250,0.6912606344858833,0.846017074606688
251,1.0309145482897533,0.8792637767497133
252,1.047102075553371,0.9596149283114246
253,1.078681090120248,0.9188243090754183
254,1.0780104752512891,0.8789688519778732
255,0.8462833756587181,0.9434055028270484
256,0.9087118321739643,0.995345565027999
257,1.2304506059060125,1.136396531205518
258,1.2124047386673333,1.5950089039408795
259,1.2224623218956563,1.2372744021859188
260,1.1724399465102975,0.9907003585608959
261,1.0028138466690857,1.1355543877519994
262,0.9554336264199554,1.0907381343047757
263,1.053186456053668,0.9834360978025339
264,1.0565289794982917,0.9846282189225748
265,0.8650975969479183,0.9765950591815846
266,1.0393598643713127,0.8313025606774509
267,1.2718578177077233,0.9606109260236487
268,1.2879406885710027,0.9543768901435739
269,0.9513727167320347,0.9360759367601947
270,0.7793046024908176,1.1124228248498211
271,0.9082940511814679,1.0555005190279303
272,0.9251889092345632,0.9569478475199757
273,0.9336272326866977,1.1178426341600407
274,0.8905498609478341,1.3734246567164676
275,0.9278043443633235,0.9191509229052092
276,1.2270151303655188,1.0593201692557737
277,1.2011521166709036,0.9280947782003612
278,1.218907894865536,1.0564755484649508
279,1.003337495352368,1.4391067006797953
280,1.1429948657359783,1.0590112287990143
281,1.0645336863092147,0.9093936073479395
282,1.1146935355068506,0.8282467778984499
283,1.0169914006456768,0.8625119992160813
284,1.0018865605064609,1.0529174351687605
285,1.0433036510307327,1.1865286347758748
286,1.183407796239055,1.0748498441215992
287,1.4720259556456115,1.3860057011333962
288,1.286713647196187,1.167146672920249
289,1.082906388251387,1.2609461247939258
290,1.0395939472046418,1.004642086532158
291,0.92536561839804,0.9088694846086965
292,0.9084908284673263,1.177408040598476
293,0.7672935231651701,1.1244817908706146
294,0.943149438223261,0.9231551924025099
295,1.1370888102165508,1.1762406581770422
296,1.0387837056209335,1.2831087178587526
297,0.9745397427010282,1.1924025518154053
298,0.8851714037864065,1.0277638189318952
299,0.9559074177865825,0.995257440421786
300,0.8724402352113823,0.8029620309310679
301,0.9311040921167115,0.8541130371022662
302,0.9518470472039038,0.9073515502461894
303,1.1253923669336716,0.9177705675607052
304,1.0756986098533174,0.9673072656936733
305,0.9653387510573239,0.8357643563269481
306,0.9761588148857534,1.0379962189230627
307,1.002845112444936,0.9436090806338404
308,0.9510920425785648,0.7886453254948512
309,0.9151711057076759,0.9002252749932099
310,1.087479469946211,0.8593305884109773
311,1.2425793534115184,0.9509411454551445
312,1.415635265150756,1.0509765960035895
313,1.42098325492389,0.986278942936463
314,1.3103444050141866,0.8584761365576755
315,1.206694029495073,1.055898327726583
316,1.2115092596053294,1.0887028995121466
317,1.1936803610669053,0.8529026950262502
318,1.0959482928451507,0.8388921992608006
319,0.9875000903612138,1.246696467236924
320,1.0711580370967642,1.2332244945744448
321,1.0787035122831554,1.1224809542583152
322,0.954834531021328,1.0828395526683467
323,1.0303619751167772,1.183822355230511
324,1.1956140830706545,1.0923639392293902
325,1.2763155079116084,0.8619516977606388
326,1.1041513398601155,0.9174975347990197
327,1.1278184932335507,0.9632993897462477
328,1.315721746531868,1.124435009604323
329,1.2481834964926155,1.3787905918121337
330,1.0692908892276125,1.0515835462282284
331,1.0382266433402967,1.3152513716081566
332,1.0126970746611907,1.0743875347532237
333,0.8423462648668307,1.0831253595593016
334,0.7978379271185447,1.107771754412592
335,0.8144930745016024,0.9657178616838713
336,1.0399962490346668,0.8704874846809375
337,0.9426005882622052,0.9065516969415193
338,0.8135629874515086,1.0406849256303992
339,1.0582357824828743,0.9129677173495897
340,1.2253761873385165,0.8595141246924075
341,1.2207151973868922,0.8274311993504985
342,1.2688552045942094,0.9431649366787466
343,1.1028137058274312,1.2412745093060182
344,1.115837350953171,1.1212294479213782
345,0.7845922612462697,1.0639219972870344
346,0.9184980784073769,1.180781381310739
347,0.9193523502260516,1.3134523922113932
348,1.166160658155717,1.2873786163936465
349,1.0223404055858243,1.0799883921315874
350,0.8802507337147213,0.9275238675077481
351,0.7712494008238123,0.9690783286509504
352,0.9921754293508525,0.9014477026014661
353,1.0363517189248812,0.8288145490282172
354,1.0917420346971491,0.9330568768972664
355,1.035786233152491,0.9875926430152129
356,1.1496044864829857,1.059159047197342
357,1.1405295273993468,1.1623365705165607
358,1.2982012661935565,1.133022317731381
359,1.29504342829097,1.228248412716827
360,1.122013132524652,1.0949879471872817
361,1.0258856955500757,0.9795810606902623
362,1.0387647676901468,1.207417471743766
363,1.0020005653870705,1.0575157252066434
364,1.1898849415830945,0.9017874035327517
365,1.1115046096471424,0.9876018280840952
366,0.9733145437236238,0.9365591004440855
367,1.0044853099389994,1.0172908365682674
368,1.1223857625078206,0.8887945291102194
369,1.089915732501277,1.0168995356513446
370,0.8483344832418783,1.280483071998461
371,0.9051784759020001,1.0383467515213745
372,0.7976261435673863,0.8955134439000225
373,0.9433955840005492,0.8488484835956454
374,0.9590056757762128,0.696248981425545
375,0.9082857621709302,0.9763661786114446
376,0.9862227216874915,1.0192113355851191
377,0.9720120067260335,1.2382037511579684
378,1.2521708069715805,1.297877980633173
379,1.0540325109409583,1.3116163935607577
380,0.7826821514423503,1.0826238685774006
381,0.9376358592161421,1.0569921425120155
382,0.8844280621871631,1.0957166121646933
383,1.0567352852776082,1.1624189139359116
384,1.0615659838468992,0.9033883979078182
385,1.0716850719297504,1.076225336001818
386,0.9751959405287414,1.1493666743890358
387,0.9170835344725944,1.1813569831779092
388,0.8191013184960189,1.0852326925653812
389,0.9017407134603299,1.130443824821409
390,0.9024534277394588,1.1624966777255743
391,0.7700384741562883,1.267510127862352
392,0.8809627416325255,1.1184826319811951
393,0.8465691792173008,0.9559718385953191
394,0.924276360063461,1.1648879377043633
395,0.9401465763756177,1.0269990655508905
396,0.7796865731839766,1.041878521202256
397,0.7113428974044556,1.047748423789604
398,0.8166795810206048,1.0061112500241254
399,1.069668554763718,0.9679742007346597
400,0.9463658745358043,0.7541722386961298
401,1.118424503006986,0.8265030365078696
402,1.0845513595582268,0.9870436380193307
403,1.1301998413533234,1.0650758753037468
404,0.9836420275705207,1.0970709503041232
405,0.9940393498751454,0.9616555545836547
406,1.3240866114246879,0.8425399520701902
407,1.060873037536971,1.376581600233225
408,1.00892766083472,1.0152529111621533
409,0.8403141659969873,1.073339900378448
410,0.8745022853728214,1.0023623944527724
411,1.0521732330892182,0.9415546035751255
412,0.873072500243444,1.1333031316180173
413,0.8938166895216828,0.9382114725541569
414,0.8459606245252212,0.7534461006344354
415,0.9224284817492964,0.7933541456035049
416,1.1050701374734624,0.7625735670180244
417,1.0378751520388765,0.7440502636277054
418,0.8499956425957713,0.786208911047755
419,1.1284521540075765,0.9276944359950982
420,1.2215444399374316,0.9645008721960825
421,1.0392434796146413,0.9568845341283619
422,1.0508813055662447,1.0763144655429842
423,1.0936593167418365,1.0567055326100858
424,0.758653598659074,1.0300950276440068
425,0.9730408337972026,0.852686615937451
426,1.0197256052566812,0.9546559325060977
427,0.7830079116438748,0.8692634064550074
428,0.7774034446778896,0.9643277168261248
429,1.0252645808856544,0.8793425619339008
430,0.8359737198753583,0.8226349383815441
431,1.1335698654277557,1.072860874621316
432,1.3226016677082826,1.1359532614707348
433,1.256059699098152,1.0905200738291223
434,1.124420521757445,1.165937301798575
435,1.0837578798904894,0.9302281623838405
436,0.9204141619808938,1.143367048634291
437,1.0856427467636733,1.139388647036191
438,0.9673346311585669,1.239338565879737
439,0.9918590762704397,0.9473293170491779
440,0.9762990736014323,1.0348447919139268
441,0.924885477274356,1.1438742876450743
442,0.9955343842506041,1.0394555098002605
443,0.9310689033289395,0.8492142129182784
444,0.9251437530126249,0.722487526057328
445,0.9920115963451357,0.7828645212332166
446,0.9294387390291562,0.9178942705768364
447,0.9241048916739597,1.0614176928125154
448,0.8890177957873369,1.238584137950843
449,0.7205192994418648,1.3107422332355876
450,0.8442098009031638,1.2585979099306313
451,0.8573841282480363,1.1345630034273537
452,0.8091717503387518,1.2671852451069807
453,0.926462059505905,1.196989094295949
454,0.9792050095420736,1.145778856928476
455,0.8496920195834333,0.9984303016208923
456,0.9916286631462503,1.276426659454467
457,0.8172603288143532,1.1506714851966573
458,0.8596329498709396,1.234020759747871
459,0.9248672536170335,1.1383108824718906
460,1.1415506344329003,0.9970884543704284
461,1.3392608323419892,1.032982600441759
462,1.2504648875647666,0.8637664263324968
463,1.267802422864043,0.9317262692043136
464,0.9845769624121945,0.8169729702417537
465,0.8998288759443647,0.9473331087925696
466,0.943677896510441,0.9514647215047614
467,0.9142053899106443,0.9291240246905859
468,0.9734652209218615,0.925854920386459
469,0.9749805292000724,0.9399787566161383
470,1.1509381933851643,0.9754723879499203
471,1.1385971520556408,1.0920929291421382
472,1.1888360200808807,1.0574231969202774
473,1.22166672506504,1.172140724448625
474,1.1743343638744979,1.1584769220331164
