source_id,origin_age,variance_cap,draws,mean,mean_mcse,median,q025,q975,probability_profitable
low,3,1.0,2000,0.022617429602364746,0.013435435242317897,-0.12818747145898524,-0.23070935136884474,1.1850794595237053,0.286
low,3,4.0,2000,0.10578911579184526,0.02856327140145209,-0.12443527105798782,-0.23124342505830647,1.6521374250205212,0.294
low,3,9.0,2000,0.12722624419726944,0.0359026268999812,-0.12442949763500413,-0.23124539373537445,1.6546346926937383,0.295
middle,3,1.0,2000,0.09002200778918394,0.022995900111811463,-0.10085958095724348,-0.21234341205939036,1.3999884169823258,0.3255
middle,3,4.0,2000,0.20223098863989125,0.046701634377741004,-0.10012318337620668,-0.21291620457057325,1.8717572986580624,0.333
middle,3,9.0,2000,0.2548700055840083,0.06374421663833925,-0.10011953808659796,-0.21299396827580577,1.9038059162303176,0.333
high,3,1.0,2000,0.29590537483959306,0.018789508638283794,0.04715882555979942,-0.16728951568001516,2.506772777595534,0.577
high,3,4.0,2000,0.4432793584058784,0.045539862106374084,0.05092068519553069,-0.1674758479037857,3.324017610155868,0.581
high,3,9.0,2000,0.9805537573296962,0.5379646078906216,0.05098298522715345,-0.16747687270306044,3.3826969788391246,0.5815
