prior,source_id,origin_age,horizon,mean,median,q025,q975,probability_profitable,probability_never,true_margin_per_lead
default,low,3,180,-0.1502994408846997,-0.1511143870188571,-0.17472385885871963,-0.12100868810774947,0.0,1.0,-0.13047037414320295
default,low,3,425,-0.17891957661904745,-0.17979913281669907,-0.2042963405974736,-0.1483779432337139,0.0,1.0,-0.15861595275001975
short_tail,low,3,180,-0.16044528502029673,-0.1652920116312628,-0.18627958371771244,-0.11597222518306459,0.0,1.0,-0.13047037414320295
short_tail,low,3,425,-0.1895993692633448,-0.19558212461782784,-0.21743442726559667,-0.13861447580559474,0.0,1.0,-0.15861595275001975
long_tail,low,3,180,-0.13534347640329814,-0.13641087664938023,-0.16403089320181563,-0.10059149771890412,0.0,1.0,-0.13047037414320295
long_tail,low,3,425,-0.1597299614757062,-0.16115232893713824,-0.1900851171600057,-0.12266281892666202,0.0,1.0,-0.15861595275001975
denser_grid,low,3,180,-0.1535040614793737,-0.15372932937427036,-0.1817710528262712,-0.12147721110480854,0.0,1.0,-0.13047037414320295
denser_grid,low,3,425,-0.1824171106207562,-0.18257292216303625,-0.21281653716662827,-0.14789145168997428,0.0,1.0,-0.15861595275001975
variance_cap_1,low,3,180,-0.15029944088495417,-0.15111438701920948,-0.17472385885875263,-0.12100868810793697,0.0,1.0,-0.13047037414320295
variance_cap_1,low,3,425,-0.17891957661931246,-0.17979913281683857,-0.20429634059749358,-0.14837794323421613,0.0,1.0,-0.15861595275001975
variance_cap_9,low,3,180,-0.1502994408846997,-0.1511143870188571,-0.17472385885871963,-0.12100868810774947,0.0,1.0,-0.13047037414320295
variance_cap_9,low,3,425,-0.17891957661904745,-0.17979913281669907,-0.2042963405974736,-0.1483779432337139,0.0,1.0,-0.15861595275001975
default,middle,3,180,0.1343345085073009,0.13460322955312548,0.05856321437673795,0.21394613200073487,1.0,0.0,0.2104708271418395
default,middle,3,425,0.11532812524254123,0.11460341223355996,0.038560462918257224,0.19755862200091792,0.997,0.0,0.214258461863514
short_tail,middle,3,180,0.10319454108482827,0.08890199914338506,0.025654247030659022,0.2555998966977595,0.997,0.002,0.2104708271418395
short_tail,middle,3,425,0.07897093841837877,0.05930708747689431,-0.004182692583681008,0.26068218155362566,0.966,0.002,0.214258461863514
long_tail,middle,3,180,0.2085353809991238,0.20563545134660965,0.11878766491053895,0.3076045344004623,1.0,0.0,0.2104708271418395
long_tail,middle,3,425,0.20968097303491465,0.20701066460396428,0.11417720160213082,0.31646782732388323,1.0,0.0,0.214258461863514
denser_grid,middle,3,180,0.12758140280129213,0.12704027120415567,0.045895949938912724,0.21315156715437092,0.998,0.0,0.2104708271418395
denser_grid,middle,3,425,0.10728707849214154,0.10606495509407302,0.016088248646711715,0.20038227910695955,0.99,0.0,0.214258461863514
variance_cap_1,middle,3,180,0.1343345085073009,0.13460322955312548,0.05856321437673795,0.21394613200073487,1.0,0.0,0.2104708271418395
variance_cap_1,middle,3,425,0.11532812524254123,0.11460341223355996,0.038560462918257224,0.19755862200091792,0.997,0.0,0.214258461863514
variance_cap_9,middle,3,180,0.1343345085073009,0.13460322955312548,0.05856321437673795,0.21394613200073487,1.0,0.0,0.2104708271418395
variance_cap_9,middle,3,425,0.11532812524254123,0.11460341223355996,0.038560462918257224,0.19755862200091792,0.997,0.0,0.214258461863514
default,high,3,180,1.4607913152934933,1.4581525537590534,1.2408750766522083,1.7001669514981634,1.0,0.0,1.7133657657643173
default,high,3,425,1.4893986055715667,1.4865529193575777,1.254159874647307,1.7364112604798123,1.0,0.0,1.8190953013997289
short_tail,high,3,180,1.8098855973426016,1.8013947271547095,1.5368867292507964,2.1072971663260294,1.0,0.0,1.7133657657643173
short_tail,high,3,425,1.9323496493123506,1.9264465728593816,1.637824210572076,2.2564823717036946,1.0,0.0,1.8190953013997289
long_tail,high,3,180,1.8098855973426016,1.8013947271547095,1.5368867292507964,2.1072971663260294,1.0,0.0,1.7133657657643173
long_tail,high,3,425,1.9323496493123506,1.9264465728593816,1.637824210572076,2.2564823717036946,1.0,0.0,1.8190953013997289
denser_grid,high,3,180,1.4603239355923947,1.4585584554906235,1.235605448407894,1.7145872818054146,1.0,0.0,1.7133657657643173
denser_grid,high,3,425,1.4884406017605811,1.4853421525902881,1.2518231116938832,1.7469226782486182,1.0,0.0,1.8190953013997289
variance_cap_1,high,3,180,1.4607913152934933,1.4581525537590534,1.2408750766522083,1.7001669514981634,1.0,0.0,1.7133657657643173
variance_cap_1,high,3,425,1.4893986055715667,1.4865529193575777,1.254159874647307,1.7364112604798123,1.0,0.0,1.8190953013997289
variance_cap_9,high,3,180,1.4607913152934933,1.4581525537590534,1.2408750766522083,1.7001669514981634,1.0,0.0,1.7133657657643173
variance_cap_9,high,3,425,1.4893986055715667,1.4865529193575777,1.254159874647307,1.7364112604798123,1.0,0.0,1.8190953013997289
default,low,60,180,-0.14278041545854256,-0.14313460802327982,-0.15130154169361026,-0.13233361546297354,0.0,1.0,-0.13047037414320295
default,low,60,425,-0.17067126704482233,-0.1711252797984829,-0.1807945107234091,-0.15955049651416015,0.0,1.0,-0.15861595275001975
short_tail,low,60,180,-0.13333877961969096,-0.13362315341373632,-0.14339812927413687,-0.12189326377316767,0.0,1.0,-0.13047037414320295
short_tail,low,60,425,-0.15704498868173983,-0.15764064551355117,-0.1684261277807559,-0.1447010163170305,0.0,1.0,-0.15861595275001975
long_tail,low,60,180,-0.13333877961969096,-0.13362315341373632,-0.14339812927413687,-0.12189326377316767,0.0,1.0,-0.13047037414320295
long_tail,low,60,425,-0.15704498868173983,-0.15764064551355117,-0.1684261277807559,-0.1447010163170305,0.0,1.0,-0.15861595275001975
denser_grid,low,60,180,-0.14268086733692648,-0.1430064392776635,-0.15161897263181345,-0.13132776438922947,0.0,1.0,-0.13047037414320295
denser_grid,low,60,425,-0.17039550964263833,-0.17072009548849798,-0.1800488023230604,-0.1582571875638346,0.0,1.0,-0.15861595275001975
variance_cap_1,low,60,180,-0.14278041545854256,-0.14313460802327982,-0.15130154169361026,-0.13233361546297354,0.0,1.0,-0.13047037414320295
variance_cap_1,low,60,425,-0.17067126704482233,-0.1711252797984829,-0.1807945107234091,-0.15955049651416015,0.0,1.0,-0.15861595275001975
variance_cap_9,low,60,180,-0.14278041545854256,-0.14313460802327982,-0.15130154169361026,-0.13233361546297354,0.0,1.0,-0.13047037414320295
variance_cap_9,low,60,425,-0.17067126704482233,-0.1711252797984829,-0.1807945107234091,-0.15955049651416015,0.0,1.0,-0.15861595275001975
default,middle,60,180,0.17517589942649245,0.1752486216954131,0.14979178049885625,0.2021257533288809,1.0,0.0,0.2104708271418395
default,middle,60,425,0.158338693210426,0.15786111431325064,0.13144513404495523,0.18798993694975114,1.0,0.0,0.214258461863514
short_tail,middle,60,180,0.2165385156543069,0.21553393349001304,0.183714954284189,0.25293505184526277,1.0,0.0,0.2104708271418395
short_tail,middle,60,425,0.21870602636412748,0.2177803496455587,0.18276569188241992,0.25969973378957606,1.0,0.0,0.214258461863514
long_tail,middle,60,180,0.2165385156543069,0.21553393349001304,0.183714954284189,0.25293505184526277,1.0,0.0,0.2104708271418395
long_tail,middle,60,425,0.21870602636412748,0.2177803496455587,0.18276569188241992,0.25969973378957606,1.0,0.0,0.214258461863514
denser_grid,middle,60,180,0.23490529115881412,0.23432987094661267,0.20293857102968435,0.27224052514387076,1.0,0.0,0.2104708271418395
denser_grid,middle,60,425,0.24812246988142006,0.24707660706446605,0.21224482084456398,0.29015372664830896,1.0,0.0,0.214258461863514
variance_cap_1,middle,60,180,0.17517589942649245,0.1752486216954131,0.14979178049885625,0.2021257533288809,1.0,0.0,0.2104708271418395
variance_cap_1,middle,60,425,0.158338693210426,0.15786111431325064,0.13144513404495523,0.18798993694975114,1.0,0.0,0.214258461863514
variance_cap_9,middle,60,180,0.17517589942649245,0.1752486216954131,0.14979178049885625,0.2021257533288809,1.0,0.0,0.2104708271418395
variance_cap_9,middle,60,425,0.158338693210426,0.15786111431325064,0.13144513404495523,0.18798993694975114,1.0,0.0,0.214258461863514
default,high,60,180,1.5683108990427896,1.5675161236119721,1.4942740509388026,1.6433862635141985,1.0,0.0,1.7133657657643173
default,high,60,425,1.6017940130990929,1.6010410272503754,1.5252238944417011,1.6815475216092266,1.0,0.0,1.8190953013997289
short_tail,high,60,180,1.7675120481326956,1.7674945929726245,1.66848469654677,1.855768291718464,1.0,0.0,1.7133657657643173
short_tail,high,60,425,1.8871347980684974,1.886699372470884,1.7779873784175895,1.9971507590192195,1.0,0.0,1.8190953013997289
long_tail,high,60,180,1.7675120481326956,1.7674945929726245,1.66848469654677,1.855768291718464,1.0,0.0,1.7133657657643173
long_tail,high,60,425,1.8871347980684974,1.886699372470884,1.7779873784175895,1.9971507590192195,1.0,0.0,1.8190953013997289
denser_grid,high,60,180,1.5683108990427896,1.5675161236119721,1.4942740509388026,1.6433862635141985,1.0,0.0,1.7133657657643173
denser_grid,high,60,425,1.6017940130990929,1.6010410272503754,1.5252238944417011,1.6815475216092266,1.0,0.0,1.8190953013997289
variance_cap_1,high,60,180,1.5683108990427896,1.5675161236119721,1.4942740509388026,1.6433862635141985,1.0,0.0,1.7133657657643173
variance_cap_1,high,60,425,1.6017940130990929,1.6010410272503754,1.5252238944417011,1.6815475216092266,1.0,0.0,1.8190953013997289
variance_cap_9,high,60,180,1.5683108990427896,1.5675161236119721,1.4942740509388026,1.6433862635141985,1.0,0.0,1.7133657657643173
variance_cap_9,high,60,425,1.6017940130990929,1.6010410272503754,1.5252238944417011,1.6815475216092266,1.0,0.0,1.8190953013997289
