scenario,seed,world_id,source_id,cohort_id,origin_age,cutoff,n_leads,policy_id,draw_count,model,horizon,prediction,true_margin,absolute_error,absolute_error_per_lead,forecast_type,probability_profitable
calendar_attribution_shock,20202,calendar_attribution_shock-20202,low,low-w05,3,38,100,daily_to_365_response30_settlement30,250,fixed_aggregate,30,-4.434627567519809,-16.670810998210932,12.236183430691124,0.12236183430691124,point,
calendar_attribution_shock,20202,calendar_attribution_shock-20202,low,low-w05,3,38,100,daily_to_365_response30_settlement30,250,fixed_aggregate,90,16.22662238365381,-16.58338168335994,32.81000406701375,0.3281000406701375,point,
calendar_attribution_shock,20202,calendar_attribution_shock-20202,low,low-w05,3,38,100,daily_to_365_response30_settlement30,250,fixed_aggregate,180,27.314303833643365,-16.185789703809622,43.50009353745298,0.43500093537452983,point,
calendar_attribution_shock,20202,calendar_attribution_shock-20202,low,low-w05,3,38,100,daily_to_365_response30_settlement30,250,fixed_aggregate,425,29.373611519407543,-18.50777234713398,47.881383866541526,0.47881383866541527,point,
calendar_attribution_shock,20202,calendar_attribution_shock-20202,low,low-w05,3,38,100,daily_to_365_response30_settlement30,250,observable_survival,30,-16.118181206090114,-16.670810998210932,0.5526297921208183,0.005526297921208183,point,
calendar_attribution_shock,20202,calendar_attribution_shock-20202,low,low-w05,3,38,100,daily_to_365_response30_settlement30,250,observable_survival,90,-15.022630443956947,-16.58338168335994,1.5607512394029914,0.015607512394029915,point,
calendar_attribution_shock,20202,calendar_attribution_shock-20202,low,low-w05,3,38,100,daily_to_365_response30_settlement30,250,observable_survival,180,-15.632202359292654,-16.185789703809622,0.5535873445169681,0.005535873445169681,point,
calendar_attribution_shock,20202,calendar_attribution_shock-20202,low,low-w05,3,38,100,daily_to_365_response30_settlement30,250,observable_survival,425,-18.2794919720247,-18.50777234713398,0.22828037510927857,0.0022828037510927855,point,
calendar_attribution_shock,20202,calendar_attribution_shock-20202,middle,middle-w05,3,38,100,daily_to_365_response30_settlement30,250,fixed_aggregate,30,-4.58217753172975,-15.364553728444783,10.782376196715033,0.10782376196715032,point,
calendar_attribution_shock,20202,calendar_attribution_shock-20202,middle,middle-w05,3,38,100,daily_to_365_response30_settlement30,250,fixed_aggregate,90,16.078495789664057,-12.044953399596887,28.123449189260946,0.28123449189260946,point,
calendar_attribution_shock,20202,calendar_attribution_shock-20202,middle,middle-w05,3,38,100,daily_to_365_response30_settlement30,250,fixed_aggregate,180,27.16439615787654,-6.64111834992679,33.80551450780333,0.3380551450780333,point,
calendar_attribution_shock,20202,calendar_attribution_shock-20202,middle,middle-w05,3,38,100,daily_to_365_response30_settlement30,250,fixed_aggregate,425,29.21767592656278,-7.65527851192318,36.87295443848596,0.3687295443848596,point,
calendar_attribution_shock,20202,calendar_attribution_shock-20202,middle,middle-w05,3,38,100,daily_to_365_response30_settlement30,250,observable_survival,30,-6.257145596863504,-15.364553728444783,9.107408131581279,0.0910740813158128,point,
calendar_attribution_shock,20202,calendar_attribution_shock-20202,middle,middle-w05,3,38,100,daily_to_365_response30_settlement30,250,observable_survival,90,8.187396048517124,-12.044953399596887,20.23234944811401,0.20232349448114012,point,
calendar_attribution_shock,20202,calendar_attribution_shock-20202,middle,middle-w05,3,38,100,daily_to_365_response30_settlement30,250,observable_survival,180,14.358438316081212,-6.64111834992679,20.999556666008004,0.20999556666008004,point,
calendar_attribution_shock,20202,calendar_attribution_shock-20202,middle,middle-w05,3,38,100,daily_to_365_response30_settlement30,250,observable_survival,425,13.977879514154054,-7.65527851192318,21.633158026077233,0.21633158026077232,point,
calendar_attribution_shock,20202,calendar_attribution_shock-20202,high,high-w05,3,38,100,daily_to_365_response30_settlement30,250,fixed_aggregate,30,3.601705433766869,14.846180446503357,11.244475012736489,0.11244475012736489,point,
calendar_attribution_shock,20202,calendar_attribution_shock-20202,high,high-w05,3,38,100,daily_to_365_response30_settlement30,250,fixed_aggregate,90,24.23126597633018,29.922946440411195,5.6916804640810135,0.056916804640810136,point,
calendar_attribution_shock,20202,calendar_attribution_shock-20202,high,high-w05,3,38,100,daily_to_365_response30_settlement30,250,fixed_aggregate,180,35.2196064192408,50.08942100975415,14.86981459051335,0.1486981459051335,point,
calendar_attribution_shock,20202,calendar_attribution_shock-20202,high,high-w05,3,38,100,daily_to_365_response30_settlement30,250,fixed_aggregate,425,36.933127624612595,52.41195459963197,15.478826975019373,0.15478826975019375,point,
calendar_attribution_shock,20202,calendar_attribution_shock-20202,high,high-w05,3,38,100,daily_to_365_response30_settlement30,250,observable_survival,30,17.76322791030863,14.846180446503357,2.9170474638052717,0.029170474638052717,point,
calendar_attribution_shock,20202,calendar_attribution_shock-20202,high,high-w05,3,38,100,daily_to_365_response30_settlement30,250,observable_survival,90,46.3274951449651,29.922946440411195,16.404548704553903,0.16404548704553903,point,
calendar_attribution_shock,20202,calendar_attribution_shock-20202,high,high-w05,3,38,100,daily_to_365_response30_settlement30,250,observable_survival,180,59.931136309908865,50.08942100975415,9.841715300154718,0.09841715300154717,point,
calendar_attribution_shock,20202,calendar_attribution_shock-20202,high,high-w05,3,38,100,daily_to_365_response30_settlement30,250,observable_survival,425,61.96709812946761,52.41195459963197,9.55514352983564,0.0955514352983564,point,
calendar_attribution_shock,20202,calendar_attribution_shock-20202,low,low-w05,7,42,100,daily_to_365_response30_settlement30,250,fixed_aggregate,30,-7.310133566572546,-16.670810998210932,9.360677431638386,0.09360677431638387,point,
calendar_attribution_shock,20202,calendar_attribution_shock-20202,low,low-w05,7,42,100,daily_to_365_response30_settlement30,250,fixed_aggregate,90,5.254402995939673,-16.58338168335994,21.83778467929961,0.2183778467929961,point,
calendar_attribution_shock,20202,calendar_attribution_shock-20202,low,low-w05,7,42,100,daily_to_365_response30_settlement30,250,fixed_aggregate,180,10.557007585663158,-16.185789703809622,26.74279728947278,0.2674279728947278,point,
calendar_attribution_shock,20202,calendar_attribution_shock-20202,low,low-w05,7,42,100,daily_to_365_response30_settlement30,250,fixed_aggregate,425,10.334038175407384,-18.50777234713398,28.841810522541365,0.28841810522541367,point,
calendar_attribution_shock,20202,calendar_attribution_shock-20202,low,low-w05,7,42,100,daily_to_365_response30_settlement30,250,observable_survival,30,-16.187763755450188,-16.670810998210932,0.48304724276074396,0.00483047242760744,point,
calendar_attribution_shock,20202,calendar_attribution_shock-20202,low,low-w05,7,42,100,daily_to_365_response30_settlement30,250,observable_survival,90,-14.008111479699158,-16.58338168335994,2.5752702036607804,0.025752702036607802,point,
calendar_attribution_shock,20202,calendar_attribution_shock-20202,low,low-w05,7,42,100,daily_to_365_response30_settlement30,250,observable_survival,180,-13.997330626427614,-16.185789703809622,2.1884590773820083,0.021884590773820083,point,
calendar_attribution_shock,20202,calendar_attribution_shock-20202,low,low-w05,7,42,100,daily_to_365_response30_settlement30,250,observable_survival,425,-16.430021806143632,-18.50777234713398,2.0777505409903476,0.020777505409903477,point,
calendar_attribution_shock,20202,calendar_attribution_shock-20202,middle,middle-w05,7,42,100,daily_to_365_response30_settlement30,250,fixed_aggregate,30,-7.238723249238372,-15.364553728444783,8.12583047920641,0.0812583047920641,point,
calendar_attribution_shock,20202,calendar_attribution_shock-20202,middle,middle-w05,7,42,100,daily_to_365_response30_settlement30,250,fixed_aggregate,90,5.329518935235639,-12.044953399596887,17.374472334832525,0.17374472334832525,point,
calendar_attribution_shock,20202,calendar_attribution_shock-20202,middle,middle-w05,7,42,100,daily_to_365_response30_settlement30,250,fixed_aggregate,180,10.617948467015829,-6.64111834992679,17.25906681694262,0.1725906681694262,point,
calendar_attribution_shock,20202,calendar_attribution_shock-20202,middle,middle-w05,7,42,100,daily_to_365_response30_settlement30,250,fixed_aggregate,425,10.313010762256681,-7.65527851192318,17.96828927417986,0.1796828927417986,point,
calendar_attribution_shock,20202,calendar_attribution_shock-20202,middle,middle-w05,7,42,100,daily_to_365_response30_settlement30,250,observable_survival,30,-7.591828454079788,-15.364553728444783,7.772725274364995,0.07772725274364994,point,
calendar_attribution_shock,20202,calendar_attribution_shock-20202,middle,middle-w05,7,42,100,daily_to_365_response30_settlement30,250,observable_survival,90,8.275847812863987,-12.044953399596887,20.32080121246087,0.2032080121246087,point,
calendar_attribution_shock,20202,calendar_attribution_shock-20202,middle,middle-w05,7,42,100,daily_to_365_response30_settlement30,250,observable_survival,180,15.331436100571082,-6.64111834992679,21.972554450497874,0.21972554450497875,point,
calendar_attribution_shock,20202,calendar_attribution_shock-20202,middle,middle-w05,7,42,100,daily_to_365_response30_settlement30,250,observable_survival,425,15.218287138710062,-7.65527851192318,22.873565650633243,0.22873565650633243,point,
calendar_attribution_shock,20202,calendar_attribution_shock-20202,high,high-w05,7,42,100,daily_to_365_response30_settlement30,250,fixed_aggregate,30,6.30015961980646,14.846180446503357,8.546020826696896,0.08546020826696896,point,
calendar_attribution_shock,20202,calendar_attribution_shock-20202,high,high-w05,7,42,100,daily_to_365_response30_settlement30,250,fixed_aggregate,90,18.839637894376434,29.922946440411195,11.083308546034761,0.1108330854603476,point,
calendar_attribution_shock,20202,calendar_attribution_shock-20202,high,high-w05,7,42,100,daily_to_365_response30_settlement30,250,fixed_aggregate,180,24.060728629091866,50.08942100975415,26.02869238066228,0.2602869238066228,point,
calendar_attribution_shock,20202,calendar_attribution_shock-20202,high,high-w05,7,42,100,daily_to_365_response30_settlement30,250,fixed_aggregate,425,23.55212836030432,52.41195459963197,28.85982623932765,0.2885982623932765,point,
calendar_attribution_shock,20202,calendar_attribution_shock-20202,high,high-w05,7,42,100,daily_to_365_response30_settlement30,250,observable_survival,30,16.231147975960745,14.846180446503357,1.3849675294573878,0.013849675294573878,point,
calendar_attribution_shock,20202,calendar_attribution_shock-20202,high,high-w05,7,42,100,daily_to_365_response30_settlement30,250,observable_survival,90,40.87165259425793,29.922946440411195,10.948706153846736,0.10948706153846736,point,
calendar_attribution_shock,20202,calendar_attribution_shock-20202,high,high-w05,7,42,100,daily_to_365_response30_settlement30,250,observable_survival,180,52.45945764317894,50.08942100975415,2.370036633424796,0.02370036633424796,point,
calendar_attribution_shock,20202,calendar_attribution_shock-20202,high,high-w05,7,42,100,daily_to_365_response30_settlement30,250,observable_survival,425,53.80160151716173,52.41195459963197,1.3896469175297597,0.013896469175297597,point,
calendar_attribution_shock,20202,calendar_attribution_shock-20202,low,low-w05,14,49,100,daily_to_365_response30_settlement30,250,fixed_aggregate,30,-10.52734480365031,-16.670810998210932,6.143466194560622,0.06143466194560622,point,
calendar_attribution_shock,20202,calendar_attribution_shock-20202,low,low-w05,14,49,100,daily_to_365_response30_settlement30,250,fixed_aggregate,90,7.327592997414573,-16.58338168335994,23.910974680774512,0.2391097468077451,point,
calendar_attribution_shock,20202,calendar_attribution_shock-20202,low,low-w05,14,49,100,daily_to_365_response30_settlement30,250,fixed_aggregate,180,16.881526814504312,-16.185789703809622,33.06731651831393,0.33067316518313933,point,
calendar_attribution_shock,20202,calendar_attribution_shock-20202,low,low-w05,14,49,100,daily_to_365_response30_settlement30,250,fixed_aggregate,425,18.36847771312293,-18.50777234713398,36.87625006025691,0.3687625006025691,point,
calendar_attribution_shock,20202,calendar_attribution_shock-20202,low,low-w05,14,49,100,daily_to_365_response30_settlement30,250,observable_survival,30,-16.22050651551467,-16.670810998210932,0.4503044826962608,0.004503044826962608,point,
calendar_attribution_shock,20202,calendar_attribution_shock-20202,low,low-w05,14,49,100,daily_to_365_response30_settlement30,250,observable_survival,90,-14.895492099439105,-16.58338168335994,1.6878895839208337,0.016878895839208336,point,
calendar_attribution_shock,20202,calendar_attribution_shock-20202,low,low-w05,14,49,100,daily_to_365_response30_settlement30,250,observable_survival,180,-15.299096662210545,-16.185789703809622,0.8866930415990772,0.008866930415990772,point,
calendar_attribution_shock,20202,calendar_attribution_shock-20202,low,low-w05,14,49,100,daily_to_365_response30_settlement30,250,observable_survival,425,-17.844180564990022,-18.50777234713398,0.663591782143957,0.00663591782143957,point,
calendar_attribution_shock,20202,calendar_attribution_shock-20202,middle,middle-w05,14,49,100,daily_to_365_response30_settlement30,250,fixed_aggregate,30,-10.271363231554888,-15.364553728444783,5.0931904968898944,0.05093190496889895,point,
calendar_attribution_shock,20202,calendar_attribution_shock-20202,middle,middle-w05,14,49,100,daily_to_365_response30_settlement30,250,fixed_aggregate,90,7.600097241543187,-12.044953399596887,19.645050641140074,0.19645050641140074,point,
calendar_attribution_shock,20202,calendar_attribution_shock-20202,middle,middle-w05,14,49,100,daily_to_365_response30_settlement30,250,fixed_aggregate,180,17.178431454112193,-6.64111834992679,23.819549804038985,0.23819549804038986,point,
calendar_attribution_shock,20202,calendar_attribution_shock-20202,middle,middle-w05,14,49,100,daily_to_365_response30_settlement30,250,fixed_aggregate,425,18.682137023006543,-7.65527851192318,26.337415534929725,0.26337415534929726,point,
calendar_attribution_shock,20202,calendar_attribution_shock-20202,middle,middle-w05,14,49,100,daily_to_365_response30_settlement30,250,observable_survival,30,-11.388858297302061,-15.364553728444783,3.9756954311427215,0.039756954311427214,point,
calendar_attribution_shock,20202,calendar_attribution_shock-20202,middle,middle-w05,14,49,100,daily_to_365_response30_settlement30,250,observable_survival,90,1.2094889184272202,-12.044953399596887,13.254442318024108,0.13254442318024107,point,
calendar_attribution_shock,20202,calendar_attribution_shock-20202,middle,middle-w05,14,49,100,daily_to_365_response30_settlement30,250,observable_survival,180,6.723663357869274,-6.64111834992679,13.364781707796064,0.13364781707796064,point,
calendar_attribution_shock,20202,calendar_attribution_shock-20202,middle,middle-w05,14,49,100,daily_to_365_response30_settlement30,250,observable_survival,425,6.1680330951836035,-7.65527851192318,13.823311607106785,0.13823311607106784,point,
calendar_attribution_shock,20202,calendar_attribution_shock-20202,high,high-w05,14,49,100,daily_to_365_response30_settlement30,250,fixed_aggregate,30,8.887809566113223,14.846180446503357,5.9583708803901345,0.05958370880390135,point,
calendar_attribution_shock,20202,calendar_attribution_shock-20202,high,high-w05,14,49,100,daily_to_365_response30_settlement30,250,fixed_aggregate,90,26.663494328166397,29.922946440411195,3.259452112244798,0.03259452112244798,point,
calendar_attribution_shock,20202,calendar_attribution_shock-20202,high,high-w05,14,49,100,daily_to_365_response30_settlement30,250,fixed_aggregate,180,36.13240142682336,50.08942100975415,13.95701958293079,0.1395701958293079,point,
calendar_attribution_shock,20202,calendar_attribution_shock-20202,high,high-w05,14,49,100,daily_to_365_response30_settlement30,250,fixed_aggregate,425,37.313552264976096,52.41195459963197,15.098402334655873,0.15098402334655872,point,
calendar_attribution_shock,20202,calendar_attribution_shock-20202,high,high-w05,14,49,100,daily_to_365_response30_settlement30,250,observable_survival,30,12.8148759183514,14.846180446503357,2.031304528151958,0.02031304528151958,point,
calendar_attribution_shock,20202,calendar_attribution_shock-20202,high,high-w05,14,49,100,daily_to_365_response30_settlement30,250,observable_survival,90,39.3097439108322,29.922946440411195,9.386797470421008,0.09386797470421009,point,
calendar_attribution_shock,20202,calendar_attribution_shock-20202,high,high-w05,14,49,100,daily_to_365_response30_settlement30,250,observable_survival,180,52.47053401034074,50.08942100975415,2.381113000586595,0.023811130005865946,point,
calendar_attribution_shock,20202,calendar_attribution_shock-20202,high,high-w05,14,49,100,daily_to_365_response30_settlement30,250,observable_survival,425,54.36220293551379,52.41195459963197,1.950248335881824,0.01950248335881824,point,
calendar_attribution_shock,20202,calendar_attribution_shock-20202,low,low-w05,30,65,100,daily_to_365_response30_settlement30,250,fixed_aggregate,90,-4.693658129245875,-16.58338168335994,11.889723554114063,0.11889723554114064,point,
calendar_attribution_shock,20202,calendar_attribution_shock-20202,low,low-w05,30,65,100,daily_to_365_response30_settlement30,250,fixed_aggregate,180,-0.7165533681909847,-16.185789703809622,15.469236335618637,0.15469236335618639,point,
calendar_attribution_shock,20202,calendar_attribution_shock-20202,low,low-w05,30,65,100,daily_to_365_response30_settlement30,250,fixed_aggregate,425,-1.3852137845896286,-18.50777234713398,17.122558562544352,0.17122558562544352,point,
calendar_attribution_shock,20202,calendar_attribution_shock-20202,low,low-w05,30,65,100,daily_to_365_response30_settlement30,250,observable_survival,90,-15.777354665941477,-16.58338168335994,0.8060270174184616,0.008060270174184616,point,
calendar_attribution_shock,20202,calendar_attribution_shock-20202,low,low-w05,30,65,100,daily_to_365_response30_settlement30,250,observable_survival,180,-16.678498599210258,-16.185789703809622,0.4927088954006358,0.004927088954006358,point,
calendar_attribution_shock,20202,calendar_attribution_shock-20202,low,low-w05,30,65,100,daily_to_365_response30_settlement30,250,observable_survival,425,-19.340792178291284,-18.50777234713398,0.8330198311573049,0.008330198311573049,point,
calendar_attribution_shock,20202,calendar_attribution_shock-20202,middle,middle-w05,30,65,100,daily_to_365_response30_settlement30,250,fixed_aggregate,90,-2.9566786242220195,-12.044953399596887,9.088274775374867,0.09088274775374866,point,
calendar_attribution_shock,20202,calendar_attribution_shock-20202,middle,middle-w05,30,65,100,daily_to_365_response30_settlement30,250,fixed_aggregate,180,1.0798640178101715,-6.64111834992679,7.720982367736962,0.07720982367736962,point,
calendar_attribution_shock,20202,calendar_attribution_shock-20202,middle,middle-w05,30,65,100,daily_to_365_response30_settlement30,250,fixed_aggregate,425,0.4343584233934008,-7.65527851192318,8.08963693531658,0.0808963693531658,point,
calendar_attribution_shock,20202,calendar_attribution_shock-20202,middle,middle-w05,30,65,100,daily_to_365_response30_settlement30,250,observable_survival,90,-2.8934634721478836,-12.044953399596887,9.151489927449003,0.09151489927449002,point,
calendar_attribution_shock,20202,calendar_attribution_shock-20202,middle,middle-w05,30,65,100,daily_to_365_response30_settlement30,250,observable_survival,180,2.8240318444045758,-6.64111834992679,9.465150194331367,0.09465150194331366,point,
calendar_attribution_shock,20202,calendar_attribution_shock-20202,middle,middle-w05,30,65,100,daily_to_365_response30_settlement30,250,observable_survival,425,2.3814780189473046,-7.65527851192318,10.036756530870484,0.10036756530870485,point,
calendar_attribution_shock,20202,calendar_attribution_shock-20202,high,high-w05,30,65,100,daily_to_365_response30_settlement30,250,fixed_aggregate,90,28.119982421298896,29.922946440411195,1.8029640191122986,0.018029640191122985,point,
calendar_attribution_shock,20202,calendar_attribution_shock-20202,high,high-w05,30,65,100,daily_to_365_response30_settlement30,250,fixed_aggregate,180,32.06513521598253,50.08942100975415,18.024285793771618,0.1802428579377162,point,
calendar_attribution_shock,20202,calendar_attribution_shock-20202,high,high-w05,30,65,100,daily_to_365_response30_settlement30,250,fixed_aggregate,425,31.235138907527276,52.41195459963197,21.176815692104693,0.21176815692104692,point,
calendar_attribution_shock,20202,calendar_attribution_shock-20202,high,high-w05,30,65,100,daily_to_365_response30_settlement30,250,observable_survival,90,42.27661649575147,29.922946440411195,12.353670055340274,0.12353670055340274,point,
calendar_attribution_shock,20202,calendar_attribution_shock-20202,high,high-w05,30,65,100,daily_to_365_response30_settlement30,250,observable_survival,180,53.93902132914821,50.08942100975415,3.8496003193940638,0.038496003193940635,point,
calendar_attribution_shock,20202,calendar_attribution_shock-20202,high,high-w05,30,65,100,daily_to_365_response30_settlement30,250,observable_survival,425,55.364457557257666,52.41195459963197,2.952502957625697,0.02952502957625697,point,
calendar_attribution_shock,20202,calendar_attribution_shock-20202,low,low-w05,60,95,100,daily_to_365_response30_settlement30,250,fixed_aggregate,90,-11.576546257583473,-16.58338168335994,5.006835425776465,0.05006835425776465,point,
calendar_attribution_shock,20202,calendar_attribution_shock-20202,low,low-w05,60,95,100,daily_to_365_response30_settlement30,250,fixed_aggregate,180,-9.89656788598594,-16.185789703809622,6.289221817823682,0.06289221817823681,point,
calendar_attribution_shock,20202,calendar_attribution_shock-20202,low,low-w05,60,95,100,daily_to_365_response30_settlement30,250,fixed_aggregate,425,-11.508625049199392,-18.50777234713398,6.999147297934588,0.06999147297934588,point,
calendar_attribution_shock,20202,calendar_attribution_shock-20202,low,low-w05,60,95,100,daily_to_365_response30_settlement30,250,observable_survival,90,-15.621205821674696,-16.58338168335994,0.9621758616852425,0.009621758616852424,point,
calendar_attribution_shock,20202,calendar_attribution_shock-20202,low,low-w05,60,95,100,daily_to_365_response30_settlement30,250,observable_survival,180,-16.93631534660238,-16.185789703809622,0.7505256427927591,0.007505256427927591,point,
calendar_attribution_shock,20202,calendar_attribution_shock-20202,low,low-w05,60,95,100,daily_to_365_response30_settlement30,250,observable_survival,425,-19.77069230239662,-18.50777234713398,1.262919955262639,0.01262919955262639,point,
calendar_attribution_shock,20202,calendar_attribution_shock-20202,middle,middle-w05,60,95,100,daily_to_365_response30_settlement30,250,fixed_aggregate,90,-7.393021983667931,-12.044953399596887,4.6519314159289555,0.04651931415928955,point,
calendar_attribution_shock,20202,calendar_attribution_shock-20202,middle,middle-w05,60,95,100,daily_to_365_response30_settlement30,250,fixed_aggregate,180,-5.676172551443905,-6.64111834992679,0.9649457984828853,0.009649457984828852,point,
calendar_attribution_shock,20202,calendar_attribution_shock-20202,middle,middle-w05,60,95,100,daily_to_365_response30_settlement30,250,fixed_aggregate,425,-7.296149309789324,-7.65527851192318,0.3591292021338566,0.0035912920213385657,point,
calendar_attribution_shock,20202,calendar_attribution_shock-20202,middle,middle-w05,60,95,100,daily_to_365_response30_settlement30,250,observable_survival,90,-7.589066013190687,-12.044953399596887,4.4558873864062,0.044558873864062,point,
calendar_attribution_shock,20202,calendar_attribution_shock-20202,middle,middle-w05,60,95,100,daily_to_365_response30_settlement30,250,observable_survival,180,-4.309695837138533,-6.64111834992679,2.331422512788257,0.02331422512788257,point,
calendar_attribution_shock,20202,calendar_attribution_shock-20202,middle,middle-w05,60,95,100,daily_to_365_response30_settlement30,250,observable_survival,425,-5.631207986788224,-7.65527851192318,2.024070525134956,0.02024070525134956,point,
calendar_attribution_shock,20202,calendar_attribution_shock-20202,high,high-w05,60,95,100,daily_to_365_response30_settlement30,250,fixed_aggregate,90,33.071724792141,29.922946440411195,3.1487783517298027,0.03148778351729803,point,
calendar_attribution_shock,20202,calendar_attribution_shock-20202,high,high-w05,60,95,100,daily_to_365_response30_settlement30,250,fixed_aggregate,180,34.727310129278685,50.08942100975415,15.362110880475463,0.15362110880475463,point,
calendar_attribution_shock,20202,calendar_attribution_shock-20202,high,high-w05,60,95,100,daily_to_365_response30_settlement30,250,fixed_aggregate,425,33.00175359089052,52.41195459963197,19.410201008741446,0.19410201008741446,point,
calendar_attribution_shock,20202,calendar_attribution_shock-20202,high,high-w05,60,95,100,daily_to_365_response30_settlement30,250,observable_survival,90,39.64227904913268,29.922946440411195,9.719332608721487,0.09719332608721487,point,
calendar_attribution_shock,20202,calendar_attribution_shock-20202,high,high-w05,60,95,100,daily_to_365_response30_settlement30,250,observable_survival,180,46.256054564204724,50.08942100975415,3.833366445549423,0.03833366445549423,point,
calendar_attribution_shock,20202,calendar_attribution_shock-20202,high,high-w05,60,95,100,daily_to_365_response30_settlement30,250,observable_survival,425,45.94475651067093,52.41195459963197,6.467198088961041,0.0646719808896104,point,
