scenario,model,metric,mean,lower95,upper95,n_worlds,n_forecasts,n_leads,units
all_scenarios,dynamic_hierarchy,coverage95,0.573559670781893,0.404320987654321,0.7459104938271603,18,306,100,fraction
all_scenarios,dynamic_hierarchy,coverage80,0.4315843621399177,0.2541023662551441,0.6121399176954733,18,306,100,fraction
all_scenarios,dynamic_hierarchy,crps_per_lead,0.0881646473302346,0.06750422211184774,0.10883230773620471,18,306,100,USD per lead
all_scenarios,dynamic_hierarchy,mae_per_lead,0.13139278555555808,0.1002905931562481,0.16136743840774773,18,306,100,USD per lead
all_scenarios,dynamic_hierarchy,brier,0.16229813187210648,0.11769280531769429,0.21373217311906223,18,306,100,fraction
all_scenarios,dynamic_hierarchy,decision_loss_per_lead,0.05004150150108376,0.03214025376275921,0.07058144569514399,18,102,100,USD per lead
all_scenarios,global_pooling,coverage95,0.17078189300411523,0.10749742798353909,0.23766718106995877,18,306,100,fraction
all_scenarios,global_pooling,coverage80,0.10699588477366255,0.055542695473251025,0.16203703703703703,18,306,100,fraction
all_scenarios,global_pooling,crps_per_lead,0.16149581700469084,0.1386083273514894,0.1863295098852148,18,306,100,USD per lead
all_scenarios,global_pooling,mae_per_lead,0.1867487702877135,0.1612681543544939,0.21335284961172774,18,306,100,USD per lead
all_scenarios,global_pooling,brier,0.41786178149313596,0.33920370031286173,0.49588777440075027,18,306,100,fraction
all_scenarios,global_pooling,decision_loss_per_lead,0.08454918744997157,0.06424195691189001,0.10401969451844378,18,102,100,USD per lead
all_scenarios,source_pooling,coverage95,0.3256172839506173,0.1887602880658436,0.4732638888888888,18,306,100,fraction
all_scenarios,source_pooling,coverage80,0.21347736625514405,0.09000771604938271,0.3596193415637858,18,306,100,fraction
all_scenarios,source_pooling,crps_per_lead,0.11446208321827293,0.08938942898747597,0.13671393551751598,18,306,100,USD per lead
all_scenarios,source_pooling,mae_per_lead,0.1394323974139129,0.11337007216669279,0.16472141676879487,18,306,100,USD per lead
all_scenarios,source_pooling,brier,0.21409481346852494,0.15723608432973857,0.2814687791675205,18,306,100,fraction
all_scenarios,source_pooling,decision_loss_per_lead,0.05428024383860781,0.03572702835833636,0.07332829394695457,18,102,100,USD per lead
all_scenarios,static_hierarchy,coverage95,0.47736625514403297,0.31273148148148144,0.6460905349794239,18,306,100,fraction
all_scenarios,static_hierarchy,coverage80,0.2916666666666667,0.13373199588477366,0.45787037037037,18,306,100,fraction
all_scenarios,static_hierarchy,crps_per_lead,0.09631270360520237,0.07652167764183708,0.11628335672470265,18,306,100,USD per lead
all_scenarios,static_hierarchy,mae_per_lead,0.13439481776521778,0.10537888604406637,0.16174502479700262,18,306,100,USD per lead
all_scenarios,static_hierarchy,brier,0.1829114686314461,0.14068919130804117,0.2336855327150949,18,306,100,fraction
all_scenarios,static_hierarchy,decision_loss_per_lead,0.04995728072424548,0.03415126473477592,0.0650741777250313,18,102,100,USD per lead
all_scenarios,target_only,coverage95,0.7325102880658436,0.6363168724279835,0.8266846707818928,18,306,100,fraction
all_scenarios,target_only,coverage80,0.5617283950617283,0.4583204732510288,0.6759516460905347,18,306,100,fraction
all_scenarios,target_only,crps_per_lead,0.25675986864593603,0.23718238023810104,0.27737752220162276,18,306,100,USD per lead
all_scenarios,target_only,mae_per_lead,0.6219888912005787,0.5802079395434682,0.6632253311281691,18,306,100,USD per lead
all_scenarios,target_only,brier,0.2274016392083816,0.19865061991499283,0.2623681009551625,18,306,100,fraction
all_scenarios,target_only,decision_loss_per_lead,0.09490866146969443,0.06951366041610972,0.11918115749418622,18,102,100,USD per lead
cheap_bad,dynamic_hierarchy,coverage95,0.1851851851851852,0.1111111111111111,0.2222222222222222,3,81,100,fraction
cheap_bad,dynamic_hierarchy,coverage80,0.04938271604938271,0.037037037037037035,0.07407407407407407,3,81,100,fraction
cheap_bad,dynamic_hierarchy,crps_per_lead,0.13093230914233167,0.11110607050716807,0.15313999188041422,3,81,100,USD per lead
cheap_bad,dynamic_hierarchy,mae_per_lead,0.19969213872134364,0.17264127313373814,0.23555037260133246,3,81,100,USD per lead
cheap_bad,dynamic_hierarchy,brier,0.2165354034047068,0.1721214011863426,0.2646439163773148,3,81,100,fraction
cheap_bad,dynamic_hierarchy,decision_loss_per_lead,0.06527109922388497,0.0499468604795612,0.07671782445111973,3,27,100,USD per lead
cheap_bad,global_pooling,coverage95,0.037037037037037035,0.0,0.07407407407407407,3,81,100,fraction
cheap_bad,global_pooling,coverage80,0.024691358024691357,0.0,0.07407407407407407,3,81,100,fraction
cheap_bad,global_pooling,crps_per_lead,0.24775839756028775,0.2187791253831168,0.30410702986597715,3,81,100,USD per lead
cheap_bad,global_pooling,mae_per_lead,0.27649399995473317,0.24667256255930803,0.33557740722741153,3,81,100,USD per lead
cheap_bad,global_pooling,brier,0.6683462637442129,0.5759254738136574,0.7839219835069443,3,81,100,fraction
cheap_bad,global_pooling,decision_loss_per_lead,0.12644770419990164,0.11731653035630228,0.1379856867371647,3,27,100,USD per lead
cheap_bad,source_pooling,coverage95,0.04938271604938271,0.037037037037037035,0.07407407407407407,3,81,100,fraction
cheap_bad,source_pooling,coverage80,0.037037037037037035,0.037037037037037035,0.037037037037037035,3,81,100,fraction
cheap_bad,source_pooling,crps_per_lead,0.15811648037987613,0.13567981428929488,0.1974960739522952,3,81,100,USD per lead
cheap_bad,source_pooling,mae_per_lead,0.19613232584138243,0.1671653857304918,0.24070371615821617,3,81,100,USD per lead
cheap_bad,source_pooling,brier,0.26071656780478397,0.23346851490162038,0.29744240089699076,3,81,100,fraction
cheap_bad,source_pooling,decision_loss_per_lead,0.06527109922388497,0.0499468604795612,0.07671782445111973,3,27,100,USD per lead
cheap_bad,static_hierarchy,coverage95,0.1111111111111111,0.037037037037037035,0.1851851851851852,3,81,100,fraction
cheap_bad,static_hierarchy,coverage80,0.012345679012345678,0.0,0.037037037037037035,3,81,100,fraction
cheap_bad,static_hierarchy,crps_per_lead,0.13916766155775287,0.12457903486113962,0.1624661122072328,3,81,100,USD per lead
cheap_bad,static_hierarchy,mae_per_lead,0.1948606838539526,0.1730605553739463,0.2324015179140421,3,81,100,USD per lead
cheap_bad,static_hierarchy,brier,0.23764829282407407,0.19930013020833334,0.2815755208333333,3,81,100,fraction
cheap_bad,static_hierarchy,decision_loss_per_lead,0.06527109922388497,0.0499468604795612,0.07671782445111973,3,27,100,USD per lead
cheap_bad,target_only,coverage95,0.5185185185185185,0.48148148148148145,0.5555555555555556,3,81,100,fraction
cheap_bad,target_only,coverage80,0.3333333333333333,0.3333333333333333,0.3333333333333333,3,81,100,fraction
cheap_bad,target_only,crps_per_lead,0.28569920899708684,0.25858264580806506,0.33270949347655265,3,81,100,USD per lead
cheap_bad,target_only,mae_per_lead,0.6680021315644143,0.6165657084753341,0.7606193893402327,3,81,100,USD per lead
cheap_bad,target_only,brier,0.27408100646219136,0.2597611038773148,0.2817337601273148,3,81,100,fraction
cheap_bad,target_only,decision_loss_per_lead,0.12792724449146678,0.12404089550623798,0.13203867367024205,3,27,100,USD per lead
cheap_good,dynamic_hierarchy,coverage95,0.2839506172839506,0.2222222222222222,0.3703703703703704,3,81,100,fraction
cheap_good,dynamic_hierarchy,coverage80,0.12345679012345678,0.07407407407407407,0.2222222222222222,3,81,100,fraction
cheap_good,dynamic_hierarchy,crps_per_lead,0.1299570241861336,0.12035139115915579,0.13695875029108945,3,81,100,USD per lead
cheap_good,dynamic_hierarchy,mae_per_lead,0.1961917948706552,0.18684025286829142,0.20145102547970398,3,81,100,USD per lead
cheap_good,dynamic_hierarchy,brier,0.17288245683834877,0.12664342809606483,0.20597104673032407,3,81,100,fraction
cheap_good,dynamic_hierarchy,decision_loss_per_lead,0.07336401523830292,0.045228875096914235,0.10974226106260006,3,27,100,USD per lead
cheap_good,global_pooling,coverage95,0.09876543209876543,0.037037037037037035,0.2222222222222222,3,81,100,fraction
cheap_good,global_pooling,coverage80,0.06172839506172839,0.0,0.14814814814814814,3,81,100,fraction
cheap_good,global_pooling,crps_per_lead,0.16835100763023356,0.14141876931032663,0.19318851599574693,3,81,100,USD per lead
cheap_good,global_pooling,mae_per_lead,0.1945088569239616,0.16611457014839534,0.22070031512028976,3,81,100,USD per lead
cheap_good,global_pooling,brier,0.4218237606095679,0.37658013237847215,0.44974998191550924,3,81,100,fraction
cheap_good,global_pooling,decision_loss_per_lead,0.10694729735474114,0.10046092435762631,0.11517653131724398,3,27,100,USD per lead
cheap_good,source_pooling,coverage95,0.09876543209876543,0.07407407407407407,0.14814814814814814,3,81,100,fraction
cheap_good,source_pooling,coverage80,0.04938271604938271,0.037037037037037035,0.07407407407407407,3,81,100,fraction
cheap_good,source_pooling,crps_per_lead,0.15761537258068478,0.15359418587998153,0.16475619028757119,3,81,100,USD per lead
cheap_good,source_pooling,mae_per_lead,0.18559298788673018,0.18071615023670198,0.19349263724022728,3,81,100,USD per lead
cheap_good,source_pooling,brier,0.25081832320601855,0.19825801142939814,0.3356278030960648,3,81,100,fraction
cheap_good,source_pooling,decision_loss_per_lead,0.07336401523830292,0.045228875096914235,0.10974226106260006,3,27,100,USD per lead
cheap_good,static_hierarchy,coverage95,0.19753086419753085,0.14814814814814814,0.25925925925925924,3,81,100,fraction
cheap_good,static_hierarchy,coverage80,0.09876543209876543,0.037037037037037035,0.1851851851851852,3,81,100,fraction
cheap_good,static_hierarchy,crps_per_lead,0.13382367582629795,0.1258348421154746,0.1444802553115392,3,81,100,USD per lead
cheap_good,static_hierarchy,mae_per_lead,0.18670831710438152,0.17959576731609236,0.19998477910881043,3,81,100,USD per lead
cheap_good,static_hierarchy,brier,0.18902889298804015,0.14888509114583334,0.23293276186342593,3,81,100,fraction
cheap_good,static_hierarchy,decision_loss_per_lead,0.07336401523830292,0.045228875096914235,0.10974226106260006,3,27,100,USD per lead
cheap_good,target_only,coverage95,0.5432098765432098,0.5185185185185185,0.5925925925925926,3,81,100,fraction
cheap_good,target_only,coverage80,0.3703703703703703,0.3333333333333333,0.4074074074074074,3,81,100,fraction
cheap_good,target_only,crps_per_lead,0.27630951476373006,0.2554211791864419,0.28715437869959964,3,81,100,USD per lead
cheap_good,target_only,mae_per_lead,0.6352802655818875,0.5987088769668657,0.6653130040147568,3,81,100,USD per lead
cheap_good,target_only,brier,0.2075994044174383,0.17521384910300927,0.24867757161458334,3,81,100,fraction
cheap_good,target_only,decision_loss_per_lead,0.10711287384429974,0.07722295915131985,0.13709737569304686,3,27,100,USD per lead
cpc_squeeze,dynamic_hierarchy,coverage95,0.8888888888888888,0.8333333333333334,0.9166666666666666,3,36,100,fraction
cpc_squeeze,dynamic_hierarchy,coverage80,0.7222222222222222,0.6666666666666666,0.8333333333333334,3,36,100,fraction
cpc_squeeze,dynamic_hierarchy,crps_per_lead,0.04968718407098835,0.03421021366892235,0.0585622349566401,3,36,100,USD per lead
cpc_squeeze,dynamic_hierarchy,mae_per_lead,0.0827312099098326,0.052870806115644216,0.10020420276763291,3,36,100,USD per lead
cpc_squeeze,dynamic_hierarchy,brier,0.07917107476128472,0.055033365885416664,0.10455322265625,3,36,100,fraction
cpc_squeeze,dynamic_hierarchy,decision_loss_per_lead,0.022420670355955265,0.0,0.03498315057804685,3,12,100,USD per lead
cpc_squeeze,global_pooling,coverage95,0.36111111111111116,0.25,0.4166666666666667,3,36,100,fraction
cpc_squeeze,global_pooling,coverage80,0.25,0.08333333333333333,0.3333333333333333,3,36,100,fraction
cpc_squeeze,global_pooling,crps_per_lead,0.11580784908845419,0.08160808030045656,0.15176926762727988,3,36,100,USD per lead
cpc_squeeze,global_pooling,mae_per_lead,0.13679346894528385,0.09645801576448958,0.17821225553051315,3,36,100,USD per lead
cpc_squeeze,global_pooling,brier,0.3674977620442708,0.3320566813151042,0.423919677734375,3,36,100,fraction
cpc_squeeze,global_pooling,decision_loss_per_lead,0.05906636731998185,0.05559475121193611,0.06349237676822572,3,12,100,USD per lead
cpc_squeeze,source_pooling,coverage95,0.4444444444444444,0.3333333333333333,0.5,3,36,100,fraction
cpc_squeeze,source_pooling,coverage80,0.19444444444444442,0.08333333333333333,0.3333333333333333,3,36,100,fraction
cpc_squeeze,source_pooling,crps_per_lead,0.08023406058436856,0.04692676729595374,0.10318902775259071,3,36,100,USD per lead
cpc_squeeze,source_pooling,mae_per_lead,0.10114883254269395,0.06491312552503145,0.12340398984399943,3,36,100,USD per lead
cpc_squeeze,source_pooling,brier,0.07934909396701388,0.036860148111979164,0.15593465169270834,3,36,100,fraction
cpc_squeeze,source_pooling,decision_loss_per_lead,0.022420670355955265,0.0,0.03498315057804685,3,12,100,USD per lead
cpc_squeeze,static_hierarchy,coverage95,0.6944444444444445,0.5833333333333334,0.8333333333333334,3,36,100,fraction
cpc_squeeze,static_hierarchy,coverage80,0.3611111111111111,0.08333333333333333,0.6666666666666666,3,36,100,fraction
cpc_squeeze,static_hierarchy,crps_per_lead,0.06462950144847567,0.039957397085477554,0.08467189553673865,3,36,100,USD per lead
cpc_squeeze,static_hierarchy,mae_per_lead,0.1005083276223215,0.059055300714728726,0.1321382442491438,3,36,100,USD per lead
cpc_squeeze,static_hierarchy,brier,0.09068467881944443,0.06276957194010417,0.11189778645833333,3,36,100,fraction
cpc_squeeze,static_hierarchy,decision_loss_per_lead,0.0282857523934006,0.017595246112336007,0.03498315057804685,3,12,100,USD per lead
cpc_squeeze,target_only,coverage95,0.75,0.5833333333333334,0.9166666666666666,3,36,100,fraction
cpc_squeeze,target_only,coverage80,0.6111111111111112,0.5,0.75,3,36,100,fraction
cpc_squeeze,target_only,crps_per_lead,0.2728473224518977,0.17710565426930946,0.3466901408233843,3,36,100,USD per lead
cpc_squeeze,target_only,mae_per_lead,0.6759682819559166,0.43762901693229844,0.8196226143789306,3,36,100,USD per lead
cpc_squeeze,target_only,brier,0.21728685167100692,0.19076029459635416,0.23768107096354166,3,36,100,fraction
cpc_squeeze,target_only,decision_loss_per_lead,0.05906636731998185,0.05559475121193611,0.06349237676822572,3,12,100,USD per lead
fixed_price,dynamic_hierarchy,coverage95,1.0,1.0,1.0,3,36,100,fraction
fixed_price,dynamic_hierarchy,coverage80,0.9444444444444445,0.8333333333333334,1.0,3,36,100,fraction
fixed_price,dynamic_hierarchy,crps_per_lead,0.037978824858157845,0.027326279326227946,0.044836382795193315,3,36,100,USD per lead
fixed_price,dynamic_hierarchy,mae_per_lead,0.04303767953055645,0.022783886836362125,0.053766601591706376,3,36,100,USD per lead
fixed_price,dynamic_hierarchy,brier,0.07691107855902779,0.0634002685546875,0.10036722819010417,3,36,100,fraction
fixed_price,dynamic_hierarchy,decision_loss_per_lead,0.007261058461134422,0.0,0.021783175383403266,3,12,100,USD per lead
fixed_price,global_pooling,coverage95,0.16666666666666666,0.08333333333333333,0.3333333333333333,3,36,100,fraction
fixed_price,global_pooling,coverage80,0.027777777777777776,0.0,0.08333333333333333,3,36,100,fraction
fixed_price,global_pooling,crps_per_lead,0.15223947069151816,0.11411736886063419,0.20623051028338393,3,36,100,USD per lead
fixed_price,global_pooling,mae_per_lead,0.18141104987439907,0.14306269214711675,0.23770082734050146,3,36,100,USD per lead
fixed_price,global_pooling,brier,0.20183817545572916,0.0,0.4862925211588542,3,36,100,fraction
fixed_price,global_pooling,decision_loss_per_lead,0.007261058461134422,0.0,0.021783175383403266,3,12,100,USD per lead
fixed_price,source_pooling,coverage95,0.888888888888889,0.8333333333333334,1.0,3,36,100,fraction
fixed_price,source_pooling,coverage80,0.8333333333333334,0.6666666666666666,1.0,3,36,100,fraction
fixed_price,source_pooling,crps_per_lead,0.038238627090603494,0.01866654897353438,0.054471692449097026,3,36,100,USD per lead
fixed_price,source_pooling,mae_per_lead,0.05145646975476375,0.026864413817038555,0.07320610760809454,3,36,100,USD per lead
fixed_price,source_pooling,brier,0.07285224066840278,0.026433308919270832,0.15012613932291666,3,36,100,fraction
fixed_price,source_pooling,decision_loss_per_lead,0.007261058461134422,0.0,0.021783175383403266,3,12,100,USD per lead
fixed_price,static_hierarchy,coverage95,1.0,1.0,1.0,3,36,100,fraction
fixed_price,static_hierarchy,coverage80,0.9722222222222222,0.9166666666666666,1.0,3,36,100,fraction
fixed_price,static_hierarchy,crps_per_lead,0.035579047700208644,0.023297191605627224,0.042620188071516046,3,36,100,USD per lead
fixed_price,static_hierarchy,mae_per_lead,0.04290634411408028,0.020422410266285582,0.054517970839767234,3,36,100,USD per lead
fixed_price,static_hierarchy,brier,0.07956441243489583,0.07616678873697917,0.084808349609375,3,36,100,fraction
fixed_price,static_hierarchy,decision_loss_per_lead,0.007261058461134422,0.0,0.021783175383403266,3,12,100,USD per lead
fixed_price,target_only,coverage95,1.0,1.0,1.0,3,36,100,fraction
fixed_price,target_only,coverage80,0.9722222222222222,0.9166666666666666,1.0,3,36,100,fraction
fixed_price,target_only,crps_per_lead,0.24655153019818118,0.22076753448296427,0.2928137764189904,3,36,100,USD per lead
fixed_price,target_only,mae_per_lead,0.5894451540845161,0.5242663633966166,0.6690050308889591,3,36,100,USD per lead
fixed_price,target_only,brier,0.15770297580295137,0.1233673095703125,0.210052490234375,3,36,100,fraction
fixed_price,target_only,decision_loss_per_lead,0.007261058461134422,0.0,0.021783175383403266,3,12,100,USD per lead
human_decline_bot_rise,dynamic_hierarchy,coverage95,0.16666666666666666,0.16666666666666666,0.16666666666666666,3,36,100,fraction
human_decline_bot_rise,dynamic_hierarchy,coverage80,0.0,0.0,0.0,3,36,100,fraction
human_decline_bot_rise,dynamic_hierarchy,crps_per_lead,0.1321124977899467,0.11270707509613791,0.14668225897564183,3,36,100,USD per lead
human_decline_bot_rise,dynamic_hierarchy,mae_per_lead,0.19075440711965821,0.15926180072135152,0.21475809584826303,3,36,100,USD per lead
human_decline_bot_rise,dynamic_hierarchy,brier,0.3317175971137153,0.24614969889322916,0.47894287109375,3,36,100,fraction
human_decline_bot_rise,dynamic_hierarchy,decision_loss_per_lead,0.10144460707882093,0.03946151039610245,0.15003510376671667,3,12,100,USD per lead
human_decline_bot_rise,global_pooling,coverage95,0.05555555555555555,0.0,0.16666666666666666,3,36,100,fraction
human_decline_bot_rise,global_pooling,coverage80,0.027777777777777776,0.0,0.08333333333333333,3,36,100,fraction
human_decline_bot_rise,global_pooling,crps_per_lead,0.16876217963068982,0.1443644889137952,0.18636982679221506,3,36,100,USD per lead
human_decline_bot_rise,global_pooling,mae_per_lead,0.1944545632761195,0.16885943428104266,0.21234973077030472,3,36,100,USD per lead
human_decline_bot_rise,global_pooling,brier,0.46487087673611116,0.3894805908203125,0.5642496744791666,3,36,100,fraction
human_decline_bot_rise,global_pooling,decision_loss_per_lead,0.1269111387487943,0.10476236218346895,0.14927583700823135,3,12,100,USD per lead
human_decline_bot_rise,source_pooling,coverage95,0.05555555555555555,0.0,0.16666666666666666,3,36,100,fraction
human_decline_bot_rise,source_pooling,coverage80,0.0,0.0,0.0,3,36,100,fraction
human_decline_bot_rise,source_pooling,crps_per_lead,0.16320648626300469,0.1441502535176794,0.17683434951930463,3,36,100,USD per lead
human_decline_bot_rise,source_pooling,mae_per_lead,0.19011298778996677,0.17123393360236874,0.20372928443069072,3,36,100,USD per lead
human_decline_bot_rise,source_pooling,brier,0.40523444281684035,0.3286081949869792,0.5555775960286459,3,36,100,fraction
human_decline_bot_rise,source_pooling,decision_loss_per_lead,0.12402640056016012,0.10720689084011997,0.15003510376671667,3,12,100,USD per lead
human_decline_bot_rise,static_hierarchy,coverage95,0.1111111111111111,0.08333333333333333,0.16666666666666666,3,36,100,fraction
human_decline_bot_rise,static_hierarchy,coverage80,0.0,0.0,0.0,3,36,100,fraction
human_decline_bot_rise,static_hierarchy,crps_per_lead,0.1362925921130784,0.12731048404221623,0.14816274428841655,3,36,100,USD per lead
human_decline_bot_rise,static_hierarchy,mae_per_lead,0.18094471081120567,0.16511348732359352,0.19681392924873772,3,36,100,USD per lead
human_decline_bot_rise,static_hierarchy,brier,0.3252461751302083,0.22652689615885416,0.4768117268880208,3,36,100,fraction
human_decline_bot_rise,static_hierarchy,decision_loss_per_lead,0.07861191597680832,0.03946151039610245,0.11483720707364369,3,12,100,USD per lead
human_decline_bot_rise,target_only,coverage95,0.611111111111111,0.5,0.6666666666666666,3,36,100,fraction
human_decline_bot_rise,target_only,coverage80,0.4166666666666667,0.3333333333333333,0.5,3,36,100,fraction
human_decline_bot_rise,target_only,crps_per_lead,0.2313957808745133,0.188417399449839,0.27087047859293684,3,36,100,USD per lead
human_decline_bot_rise,target_only,mae_per_lead,0.5874488724273123,0.5213545483628893,0.6488911619593679,3,36,100,USD per lead
human_decline_bot_rise,target_only,brier,0.30359734429253477,0.21541341145833334,0.4615325927734375,3,36,100,fraction
human_decline_bot_rise,target_only,decision_loss_per_lead,0.1664314021281432,0.14927583700823135,0.17751062674871174,3,12,100,USD per lead
rising_cpl,dynamic_hierarchy,coverage95,0.9166666666666666,0.9166666666666666,0.9166666666666666,3,36,100,fraction
rising_cpl,dynamic_hierarchy,coverage80,0.75,0.6666666666666666,0.8333333333333334,3,36,100,fraction
rising_cpl,dynamic_hierarchy,crps_per_lead,0.048320043933849414,0.046884795950676635,0.050662879620736546,3,36,100,USD per lead
rising_cpl,dynamic_hierarchy,mae_per_lead,0.07594948318130255,0.07237117962585657,0.0828526654006143,3,36,100,USD per lead
rising_cpl,dynamic_hierarchy,brier,0.09657118055555557,0.0406646728515625,0.1695098876953125,3,36,100,fraction
rising_cpl,dynamic_hierarchy,decision_loss_per_lead,0.030487558648404054,0.014247125132055503,0.05442241024217814,3,12,100,USD per lead
rising_cpl,global_pooling,coverage95,0.3055555555555555,0.25,0.3333333333333333,3,36,100,fraction
rising_cpl,global_pooling,coverage80,0.25,0.25,0.25,3,36,100,fraction
rising_cpl,global_pooling,crps_per_lead,0.11605599742696175,0.08696161747924741,0.13464564025119194,3,36,100,USD per lead
rising_cpl,global_pooling,mae_per_lead,0.1368306827517838,0.1052672002729098,0.15691183734519468,3,36,100,USD per lead
rising_cpl,global_pooling,brier,0.38279385036892366,0.3364105224609375,0.4206034342447917,3,36,100,fraction
rising_cpl,global_pooling,decision_loss_per_lead,0.08066155861527606,0.054274304987536125,0.09493628621740247,3,12,100,USD per lead
rising_cpl,source_pooling,coverage95,0.4166666666666667,0.3333333333333333,0.5,3,36,100,fraction
rising_cpl,source_pooling,coverage80,0.16666666666666666,0.08333333333333333,0.25,3,36,100,fraction
rising_cpl,source_pooling,crps_per_lead,0.08936147241109989,0.07126364692667499,0.10412401231449823,3,36,100,USD per lead
rising_cpl,source_pooling,mae_per_lead,0.11215078066794038,0.09629502307263972,0.1285338948435181,3,36,100,USD per lead
rising_cpl,source_pooling,brier,0.2155982123480903,0.1624298095703125,0.2906290690104167,3,36,100,fraction
rising_cpl,source_pooling,decision_loss_per_lead,0.0333382191922092,0.014247125132055503,0.05442241024217814,3,12,100,USD per lead
rising_cpl,static_hierarchy,coverage95,0.75,0.5833333333333334,0.8333333333333334,3,36,100,fraction
rising_cpl,static_hierarchy,coverage80,0.3055555555555556,0.0,0.5,3,36,100,fraction
rising_cpl,static_hierarchy,crps_per_lead,0.06838374298540072,0.0582373391043666,0.08300289533197118,3,36,100,USD per lead
rising_cpl,static_hierarchy,mae_per_lead,0.100440523085365,0.09191079746796445,0.11724459859791896,3,36,100,USD per lead
rising_cpl,static_hierarchy,brier,0.17529635959201387,0.14478047688802084,0.23493448893229166,3,36,100,fraction
rising_cpl,static_hierarchy,decision_loss_per_lead,0.04694984305194171,0.014247125132055503,0.09525728182137566,3,12,100,USD per lead
rising_cpl,target_only,coverage95,0.9722222222222222,0.9166666666666666,1.0,3,36,100,fraction
rising_cpl,target_only,coverage80,0.6666666666666666,0.4166666666666667,0.8333333333333334,3,36,100,fraction
rising_cpl,target_only,crps_per_lead,0.22775585459020734,0.21169390775176591,0.24187396392958013,3,36,100,USD per lead
rising_cpl,target_only,mae_per_lead,0.5757886415894252,0.5424946970879251,0.6321691690980509,3,36,100,USD per lead
rising_cpl,target_only,brier,0.20414225260416666,0.18718465169270834,0.21302286783854166,3,36,100,fraction
rising_cpl,target_only,decision_loss_per_lead,0.10165302257314059,0.06282628661895157,0.1493586964595806,3,12,100,USD per lead
